id,model,year,trim,category,mileage_km,engine,transmission,fuel_type,color,region_specs,price_aed,price_sar
1,Honda Accord,2018,LX,سيدان متوسطة,106001,1.5L توربو,CVT,بنزين,رمادي فضي,مواصفات خليجية (GCC),63000,64260
2,Honda Accord,2018,LX,سيدان متوسطة,113367,1.5L توربو,CVT,بنزين,أبيض لؤلؤي,مواصفات خليجية (GCC),57500,58650
3,Honda Accord,2018,Sport,سيدان متوسطة,96439,1.5L توربو,CVT,بنزين,أبيض ثلجي,مواصفات خليجية (GCC),65500,66810
4,Honda Accord,2018,Sport,سيدان متوسطة,103667,1.5L توربو,CVT,بنزين,بني برونزي,مواصفات أمريكية,65000,66300
5,Honda Accord,2018,EX,سيدان متوسطة,149595,1.5L توربو,CVT,بنزين,أبيض لؤلؤي,مواصفات خليجية (GCC),77000,78540
6,Honda Accord,2018,EX,سيدان متوسطة,118844,1.5L توربو,CVT,بنزين,أحمر كريستالي,مواصفات خليجية (GCC),73500,74970
7,Honda Accord,2018,EX-L,سيدان متوسطة,136786,1.5L توربو,CVT,بنزين,بيج شامبين,مواصفات خليجية (GCC),71000,72420
8,Honda Accord,2018,EX-L,سيدان متوسطة,145971,1.5L توربو,CVT,بنزين,برتقالي,مواصفات أمريكية,76000,77520
9,Honda Accord,2018,Touring,سيدان متوسطة,163325,2.0L توربو,10-Speed AT,بنزين,أزرق داكن,مواصفات خليجية (GCC),88000,89760
10,Honda Accord,2018,Touring,سيدان متوسطة,147859,2.0L توربو,10-Speed AT,بنزين,أبيض لؤلؤي,مواصفات أمريكية,82500,84150
11,Honda Accord,2018,Sport Hybrid,سيدان متوسطة,125605,2.0L هجين,CVT,بنزين,أسود معدني,مواصفات يابانية,75000,76500
12,Honda Accord,2018,Sport Hybrid,سيدان متوسطة,145370,2.0L هجين,CVT,بنزين,بيج شامبين,مواصفات خليجية (GCC),85500,87210
13,Honda Accord,2018,Touring Hybrid,سيدان متوسطة,118377,2.0L هجين,CVT,بنزين,أزرق داكن,مواصفات خليجية (GCC),91500,93330
14,Honda Accord,2018,Touring Hybrid,سيدان متوسطة,110332,2.0L هجين,CVT,بنزين,أحمر كريستالي,مواصفات خليجية (GCC),99500,101490
15,Honda Accord,2019,LX,سيدان متوسطة,105312,1.5L توربو,CVT,بنزين,بني برونزي,مواصفات خليجية (GCC),76500,78030
16,Honda Accord,2019,LX,سيدان متوسطة,109499,1.5L توربو,CVT,بنزين,أبيض لؤلؤي,مواصفات خليجية (GCC),65500,66810
17,Honda Accord,2019,Sport,سيدان متوسطة,121748,1.5L توربو,CVT,بنزين,أبيض ثلجي,مواصفات خليجية (GCC),78000,79560
18,Honda Accord,2019,Sport,سيدان متوسطة,118568,1.5L توربو,CVT,بنزين,برتقالي,مواصفات خليجية (GCC),85500,87210
19,Honda Accord,2019,EX,سيدان متوسطة,99719,1.5L توربو,CVT,بنزين,بني برونزي,مواصفات خليجية (GCC),78500,80070
20,Honda Accord,2019,EX,سيدان متوسطة,145114,1.5L توربو,CVT,بنزين,أبيض ثلجي,مواصفات خليجية (GCC),93500,95370
21,Honda Accord,2019,EX-L,سيدان متوسطة,130731,1.5L توربو,CVT,بنزين,رمادي فضي,مواصفات أوروبية,86500,88230
22,Honda Accord,2019,EX-L,سيدان متوسطة,145521,1.5L توربو,CVT,بنزين,أسود معدني,مواصفات أمريكية,82000,83640
23,Honda Accord,2019,Touring,سيدان متوسطة,99149,2.0L توربو,10-Speed AT,بنزين,أسود معدني,مواصفات خليجية (GCC),112000,114240
24,Honda Accord,2019,Touring,سيدان متوسطة,129380,2.0L توربو,10-Speed AT,بنزين,بني برونزي,مواصفات أوروبية,109000,111180
25,Honda Accord,2019,Sport Hybrid,سيدان متوسطة,116897,2.0L هجين,CVT,بنزين,أسود معدني,مواصفات أمريكية,84500,86190
26,Honda Accord,2019,Sport Hybrid,سيدان متوسطة,144950,2.0L هجين,CVT,بنزين,أزرق داكن,مواصفات خليجية (GCC),105500,107610
27,Honda Accord,2019,Touring Hybrid,سيدان متوسطة,131452,2.0L هجين,CVT,بنزين,أزرق داكن,مواصفات خليجية (GCC),109500,111690
28,Honda Accord,2019,Touring Hybrid,سيدان متوسطة,139334,2.0L هجين,CVT,بنزين,أزرق داكن,مواصفات يابانية,111500,113730
29,Honda Accord,2020,LX,سيدان متوسطة,126879,1.5L توربو,CVT,بنزين,رمادي فضي,مواصفات خليجية (GCC),80000,81600
30,Honda Accord,2020,LX,سيدان متوسطة,128711,1.5L توربو,CVT,بنزين,برتقالي,مواصفات خليجية (GCC),72500,73950
31,Honda Accord,2020,LX,سيدان متوسطة,70746,1.5L توربو,CVT,بنزين,أزرق داكن,مواصفات يابانية,86500,88230
32,Honda Accord,2020,Sport,سيدان متوسطة,91487,1.5L توربو,CVT,بنزين,أسود معدني,مواصفات يابانية,87500,89250
33,Honda Accord,2020,Sport,سيدان متوسطة,83380,1.5L توربو,CVT,بنزين,بني برونزي,مواصفات أوروبية,81000,82620
34,Honda Accord,2020,Sport,سيدان متوسطة,81463,1.5L توربو,CVT,بنزين,رمادي فضي,مواصفات يابانية,96500,98430
35,Honda Accord,2020,EX,سيدان متوسطة,101697,1.5L توربو,CVT,بنزين,أحمر كريستالي,مواصفات خليجية (GCC),107000,109140
36,Honda Accord,2020,EX,سيدان متوسطة,123305,1.5L توربو,CVT,بنزين,بيج شامبين,مواصفات خليجية (GCC),96000,97920
37,Honda Accord,2020,EX,سيدان متوسطة,118541,1.5L توربو,CVT,بنزين,أحمر كريستالي,مواصفات خليجية (GCC),101500,103530
38,Honda Accord,2020,EX-L,سيدان متوسطة,78833,1.5L توربو,CVT,بنزين,أحمر كريستالي,مواصفات خليجية (GCC),90500,92310
39,Honda Accord,2020,EX-L,سيدان متوسطة,128454,1.5L توربو,CVT,بنزين,أبيض لؤلؤي,مواصفات خليجية (GCC),90000,91800
40,Honda Accord,2020,EX-L,سيدان متوسطة,90604,1.5L توربو,CVT,بنزين,أسود معدني,مواصفات يابانية,91000,92820
41,Honda Accord,2020,Touring,سيدان متوسطة,121437,2.0L توربو,10-Speed AT,بنزين,أحمر كريستالي,مواصفات أمريكية,112000,114240
42,Honda Accord,2020,Touring,سيدان متوسطة,122171,2.0L توربو,10-Speed AT,بنزين,أبيض ثلجي,مواصفات يابانية,129000,131580
43,Honda Accord,2020,Touring,سيدان متوسطة,131384,2.0L توربو,10-Speed AT,بنزين,أخضر زيتوني,مواصفات أمريكية,110500,112710
44,Honda Accord,2020,Sport Hybrid,سيدان متوسطة,87259,2.0L هجين,CVT,بنزين,بيج شامبين,مواصفات أمريكية,99500,101490
45,Honda Accord,2020,Sport Hybrid,سيدان متوسطة,115369,2.0L هجين,CVT,بنزين,أبيض لؤلؤي,مواصفات يابانية,113500,115770
46,Honda Accord,2020,Sport Hybrid,سيدان متوسطة,77665,2.0L هجين,CVT,بنزين,أسود معدني,مواصفات أمريكية,111000,113220
47,Honda Accord,2020,Touring Hybrid,سيدان متوسطة,94577,2.0L هجين,CVT,بنزين,رمادي فضي,مواصفات خليجية (GCC),114500,116790
48,Honda Accord,2020,Touring Hybrid,سيدان متوسطة,111478,2.0L هجين,CVT,بنزين,أسود معدني,مواصفات خليجية (GCC),118000,120360
49,Honda Accord,2020,Touring Hybrid,سيدان متوسطة,119576,2.0L هجين,CVT,بنزين,بني برونزي,مواصفات خليجية (GCC),111000,113220
50,Honda Accord,2021,LX,سيدان متوسطة,57733,1.5L توربو,CVT,بنزين,برتقالي,مواصفات خليجية (GCC),91500,93330
51,Honda Accord,2021,LX,سيدان متوسطة,97932,1.5L توربو,CVT,بنزين,رمادي فضي,مواصفات يابانية,98500,100470
52,Honda Accord,2021,LX,سيدان متوسطة,86080,1.5L توربو,CVT,بنزين,برتقالي,مواصفات خليجية (GCC),98000,99960
53,Honda Accord,2021,Sport,سيدان متوسطة,85295,1.5L توربو,CVT,بنزين,برتقالي,مواصفات أمريكية,111500,113730
54,Honda Accord,2021,Sport,سيدان متوسطة,70791,1.5L توربو,CVT,بنزين,أبيض لؤلؤي,مواصفات خليجية (GCC),100500,102510
55,Honda Accord,2021,Sport,سيدان متوسطة,111328,1.5L توربو,CVT,بنزين,أبيض لؤلؤي,مواصفات أمريكية,90500,92310
56,Honda Accord,2021,EX,سيدان متوسطة,68676,1.5L توربو,CVT,بنزين,بني برونزي,مواصفات خليجية (GCC),114500,116790
57,Honda Accord,2021,EX,سيدان متوسطة,68826,1.5L توربو,CVT,بنزين,رمادي فضي,مواصفات خليجية (GCC),116000,118320
58,Honda Accord,2021,EX,سيدان متوسطة,70359,1.5L توربو,CVT,بنزين,أحمر كريستالي,مواصفات أمريكية,97000,98940
59,Honda Accord,2021,EX-L,سيدان متوسطة,90039,1.5L توربو,CVT,بنزين,أبيض ثلجي,مواصفات خليجية (GCC),125000,127500
60,Honda Accord,2021,EX-L,سيدان متوسطة,59598,1.5L توربو,CVT,بنزين,أبيض ثلجي,مواصفات أمريكية,118500,120870
61,Honda Accord,2021,EX-L,سيدان متوسطة,103008,1.5L توربو,CVT,بنزين,بيج شامبين,مواصفات خليجية (GCC),112000,114240
62,Honda Accord,2021,Touring,سيدان متوسطة,78901,2.0L توربو,10-Speed AT,بنزين,أزرق داكن,مواصفات خليجية (GCC),130500,133110
63,Honda Accord,2021,Touring,سيدان متوسطة,97635,2.0L توربو,10-Speed AT,بنزين,أبيض لؤلؤي,مواصفات يابانية,146000,148920
64,Honda Accord,2021,Touring,سيدان متوسطة,101764,2.0L توربو,10-Speed AT,بنزين,أحمر كريستالي,مواصفات خليجية (GCC),118000,120360
65,Honda Accord,2021,Sport Hybrid,سيدان متوسطة,100785,2.0L هجين,CVT,بنزين,أسود معدني,مواصفات يابانية,113000,115260
66,Honda Accord,2021,Sport Hybrid,سيدان متوسطة,81064,2.0L هجين,CVT,بنزين,بني برونزي,مواصفات خليجية (GCC),119500,121890
67,Honda Accord,2021,Sport Hybrid,سيدان متوسطة,88446,2.0L هجين,CVT,بنزين,بني برونزي,مواصفات أمريكية,107500,109650
68,Honda Accord,2021,Touring Hybrid,سيدان متوسطة,81222,2.0L هجين,CVT,بنزين,أسود معدني,مواصفات خليجية (GCC),126000,128520
69,Honda Accord,2021,Touring Hybrid,سيدان متوسطة,102866,2.0L هجين,CVT,بنزين,أحمر كريستالي,مواصفات خليجية (GCC),132000,134640
70,Honda Accord,2021,Touring Hybrid,سيدان متوسطة,86420,2.0L هجين,CVT,بنزين,أزرق داكن,مواصفات خليجية (GCC),149500,152490
71,Honda Accord,2022,LX,سيدان متوسطة,84124,1.5L توربو,CVT,بنزين,أبيض لؤلؤي,مواصفات يابانية,102000,104040
72,Honda Accord,2022,LX,سيدان متوسطة,55987,1.5L توربو,CVT,بنزين,بيج شامبين,مواصفات خليجية (GCC),103000,105060
73,Honda Accord,2022,LX,سيدان متوسطة,55863,1.5L توربو,CVT,بنزين,بني برونزي,مواصفات أمريكية,97500,99450
74,Honda Accord,2022,Sport,سيدان متوسطة,80217,1.5L توربو,CVT,بنزين,رمادي فضي,مواصفات خليجية (GCC),97500,99450
75,Honda Accord,2022,Sport,سيدان متوسطة,79342,1.5L توربو,CVT,بنزين,رمادي فضي,مواصفات خليجية (GCC),114500,116790
76,Honda Accord,2022,Sport,سيدان متوسطة,73252,1.5L توربو,CVT,بنزين,أبيض لؤلؤي,مواصفات خليجية (GCC),99000,100980
77,Honda Accord,2022,EX,سيدان متوسطة,69889,1.5L توربو,CVT,بنزين,بيج شامبين,مواصفات أمريكية,116000,118320
78,Honda Accord,2022,EX,سيدان متوسطة,86350,1.5L توربو,CVT,بنزين,أحمر كريستالي,مواصفات يابانية,111500,113730
79,Honda Accord,2022,EX,سيدان متوسطة,56548,1.5L توربو,CVT,بنزين,بيج شامبين,مواصفات خليجية (GCC),124000,126480
80,Honda Accord,2022,EX-L,سيدان متوسطة,74045,1.5L توربو,CVT,بنزين,أسود معدني,مواصفات خليجية (GCC),124000,126480
81,Honda Accord,2022,EX-L,سيدان متوسطة,68702,1.5L توربو,CVT,بنزين,برتقالي,مواصفات خليجية (GCC),134000,136680
82,Honda Accord,2022,EX-L,سيدان متوسطة,70912,1.5L توربو,CVT,بنزين,أحمر كريستالي,مواصفات خليجية (GCC),122500,124950
83,Honda Accord,2022,Touring,سيدان متوسطة,74490,2.0L توربو,10-Speed AT,بنزين,أزرق داكن,مواصفات يابانية,139000,141780
84,Honda Accord,2022,Touring,سيدان متوسطة,74358,2.0L توربو,10-Speed AT,بنزين,بني برونزي,مواصفات أمريكية,145000,147900
85,Honda Accord,2022,Touring,سيدان متوسطة,65152,2.0L توربو,10-Speed AT,بنزين,أزرق داكن,مواصفات يابانية,131500,134130
86,Honda Accord,2022,Sport Hybrid,سيدان متوسطة,64212,2.0L هجين,CVT,بنزين,أبيض ثلجي,مواصفات خليجية (GCC),131500,134130
87,Honda Accord,2022,Sport Hybrid,سيدان متوسطة,77139,2.0L هجين,CVT,بنزين,أخضر زيتوني,مواصفات أمريكية,153000,156060
88,Honda Accord,2022,Sport Hybrid,سيدان متوسطة,91107,2.0L هجين,CVT,بنزين,أبيض ثلجي,مواصفات خليجية (GCC),124500,126990
89,Honda Accord,2022,Touring Hybrid,سيدان متوسطة,59629,2.0L هجين,CVT,بنزين,أبيض لؤلؤي,مواصفات أمريكية,135500,138210
90,Honda Accord,2022,Touring Hybrid,سيدان متوسطة,85893,2.0L هجين,CVT,بنزين,أحمر كريستالي,مواصفات أمريكية,165500,168810
91,Honda Accord,2022,Touring Hybrid,سيدان متوسطة,73934,2.0L هجين,CVT,بنزين,بيج شامبين,مواصفات يابانية,136500,139230
92,Honda Accord,2023,LX,سيدان متوسطة,48470,1.5L توربو,CVT,بنزين,أخضر زيتوني,مواصفات خليجية (GCC),114500,116790
93,Honda Accord,2023,LX,سيدان متوسطة,53624,1.5L توربو,CVT,بنزين,أحمر كريستالي,مواصفات خليجية (GCC),114000,116280
94,Honda Accord,2023,Sport,سيدان متوسطة,57875,1.5L توربو,CVT,بنزين,أزرق داكن,مواصفات خليجية (GCC),115500,117810
95,Honda Accord,2023,Sport,سيدان متوسطة,59936,1.5L توربو,CVT,بنزين,أحمر كريستالي,مواصفات خليجية (GCC),106500,108630
96,Honda Accord,2023,EX,سيدان متوسطة,61631,1.5L توربو,CVT,بنزين,برتقالي,مواصفات أمريكية,146000,148920
97,Honda Accord,2023,EX,سيدان متوسطة,59958,1.5L توربو,CVT,بنزين,رمادي فضي,مواصفات خليجية (GCC),125500,128010
98,Honda Accord,2023,EX-L,سيدان متوسطة,39816,1.5L توربو,CVT,بنزين,أبيض ثلجي,مواصفات أمريكية,149000,151980
99,Honda Accord,2023,EX-L,سيدان متوسطة,49003,1.5L توربو,CVT,بنزين,أحمر كريستالي,مواصفات أمريكية,134500,137190
100,Honda Accord,2023,Touring,سيدان متوسطة,43200,2.0L توربو,10-Speed AT,بنزين,برتقالي,مواصفات خليجية (GCC),139500,142290
101,Honda Accord,2023,Touring,سيدان متوسطة,42040,2.0L توربو,10-Speed AT,بنزين,أبيض ثلجي,مواصفات يابانية,159500,162690
102,Honda Accord,2023,Sport Hybrid,سيدان متوسطة,46846,2.0L هجين,CVT,بنزين,رمادي فضي,مواصفات خليجية (GCC),156000,159120
103,Honda Accord,2023,Sport Hybrid,سيدان متوسطة,33016,2.0L هجين,CVT,بنزين,بني برونزي,مواصفات خليجية (GCC),152500,155550
104,Honda Accord,2023,Touring Hybrid,سيدان متوسطة,54655,2.0L هجين,CVT,بنزين,أسود معدني,مواصفات خليجية (GCC),175000,178500
105,Honda Accord,2023,Touring Hybrid,سيدان متوسطة,55618,2.0L هجين,CVT,بنزين,بني برونزي,مواصفات خليجية (GCC),187500,191250
106,Honda Accord,2024,LX,سيدان متوسطة,47069,1.5L توربو,CVT,بنزين,برتقالي,مواصفات أوروبية,125500,128010
107,Honda Accord,2024,LX,سيدان متوسطة,42531,1.5L توربو,CVT,بنزين,برتقالي,مواصفات يابانية,132500,135150
108,Honda Accord,2024,Sport,سيدان متوسطة,37992,1.5L توربو,CVT,بنزين,أزرق داكن,مواصفات أمريكية,130000,132600
109,Honda Accord,2024,Sport,سيدان متوسطة,44019,1.5L توربو,CVT,بنزين,أسود معدني,مواصفات خليجية (GCC),129500,132090
110,Honda Accord,2024,EX,سيدان متوسطة,32203,1.5L توربو,CVT,بنزين,بني برونزي,مواصفات خليجية (GCC),140000,142800
111,Honda Accord,2024,EX,سيدان متوسطة,23907,1.5L توربو,CVT,بنزين,رمادي فضي,مواصفات خليجية (GCC),133000,135660
112,Honda Accord,2024,EX-L,سيدان متوسطة,27062,1.5L توربو,CVT,بنزين,بني برونزي,مواصفات خليجية (GCC),156500,159630
113,Honda Accord,2024,EX-L,سيدان متوسطة,41078,1.5L توربو,CVT,بنزين,أخضر زيتوني,مواصفات خليجية (GCC),137000,139740
114,Honda Accord,2024,Touring,سيدان متوسطة,41331,2.0L توربو,10-Speed AT,بنزين,أبيض ثلجي,مواصفات خليجية (GCC),189500,193290
115,Honda Accord,2024,Touring,سيدان متوسطة,39278,2.0L توربو,10-Speed AT,بنزين,أزرق داكن,مواصفات يابانية,151000,154020
116,Honda Accord,2024,Sport Hybrid,سيدان متوسطة,38643,2.0L هجين,CVT,بنزين,بني برونزي,مواصفات أمريكية,172000,175440
117,Honda Accord,2024,Sport Hybrid,سيدان متوسطة,42379,2.0L هجين,CVT,بنزين,أخضر زيتوني,مواصفات خليجية (GCC),169500,172890
118,Honda Accord,2024,Touring Hybrid,سيدان متوسطة,35387,2.0L هجين,CVT,بنزين,أخضر زيتوني,مواصفات خليجية (GCC),181000,184620
119,Honda Accord,2024,Touring Hybrid,سيدان متوسطة,32065,2.0L هجين,CVT,بنزين,بني برونزي,مواصفات أوروبية,166500,169830
120,Honda Accord,2025,LX,سيدان متوسطة,13896,1.5L توربو,CVT,بنزين,أخضر زيتوني,مواصفات خليجية (GCC),118000,120360
121,Honda Accord,2025,LX,سيدان متوسطة,16787,1.5L توربو,CVT,بنزين,أخضر زيتوني,مواصفات خليجية (GCC),127500,130050
122,Honda Accord,2025,Sport,سيدان متوسطة,15830,1.5L توربو,CVT,بنزين,أخضر زيتوني,مواصفات خليجية (GCC),153500,156570
123,Honda Accord,2025,Sport,سيدان متوسطة,18464,1.5L توربو,CVT,بنزين,برتقالي,مواصفات أمريكية,141000,143820
124,Honda Accord,2025,EX,سيدان متوسطة,16154,1.5L توربو,CVT,بنزين,بيج شامبين,مواصفات أوروبية,138000,140760
125,Honda Accord,2025,EX,سيدان متوسطة,11797,1.5L توربو,CVT,بنزين,أحمر كريستالي,مواصفات أمريكية,137500,140250
126,Honda Accord,2025,EX-L,سيدان متوسطة,10599,1.5L توربو,CVT,بنزين,رمادي فضي,مواصفات خليجية (GCC),182000,185640
127,Honda Accord,2025,EX-L,سيدان متوسطة,16632,1.5L توربو,CVT,بنزين,برتقالي,مواصفات يابانية,178500,182070
128,Honda Accord,2025,Touring,سيدان متوسطة,17241,2.0L توربو,10-Speed AT,بنزين,أسود معدني,مواصفات خليجية (GCC),173000,176460
129,Honda Accord,2025,Touring,سيدان متوسطة,14779,2.0L توربو,10-Speed AT,بنزين,أزرق داكن,مواصفات خليجية (GCC),169500,172890
130,Honda Accord,2025,Sport Hybrid,سيدان متوسطة,22582,2.0L هجين,CVT,بنزين,أحمر كريستالي,مواصفات يابانية,177500,181050
131,Honda Accord,2025,Sport Hybrid,سيدان متوسطة,17945,2.0L هجين,CVT,بنزين,أحمر كريستالي,مواصفات أمريكية,195500,199410
132,Honda Accord,2025,Touring Hybrid,سيدان متوسطة,13610,2.0L هجين,CVT,بنزين,أسود معدني,مواصفات خليجية (GCC),214000,218280
133,Honda Accord,2025,Touring Hybrid,سيدان متوسطة,16944,2.0L هجين,CVT,بنزين,بيج شامبين,مواصفات خليجية (GCC),193000,196860
134,Honda Accord,2026,LX,سيدان متوسطة,564,1.5L توربو,CVT,بنزين,أبيض لؤلؤي,مواصفات خليجية (GCC),158000,161160
135,Honda Accord,2026,LX,سيدان متوسطة,3441,1.5L توربو,CVT,بنزين,بيج شامبين,مواصفات خليجية (GCC),157000,160140
136,Honda Accord,2026,Sport,سيدان متوسطة,3766,1.5L توربو,CVT,بنزين,بني برونزي,مواصفات خليجية (GCC),145000,147900
137,Honda Accord,2026,Sport,سيدان متوسطة,2212,1.5L توربو,CVT,بنزين,برتقالي,مواصفات أمريكية,170500,173910
138,Honda Accord,2026,EX,سيدان متوسطة,3568,1.5L توربو,CVT,بنزين,أحمر كريستالي,مواصفات خليجية (GCC),184000,187680
139,Honda Accord,2026,EX,سيدان متوسطة,709,1.5L توربو,CVT,بنزين,أحمر كريستالي,مواصفات يابانية,163500,166770
140,Honda Accord,2026,EX-L,سيدان متوسطة,3806,1.5L توربو,CVT,بنزين,أخضر زيتوني,مواصفات خليجية (GCC),192500,196350
141,Honda Accord,2026,EX-L,سيدان متوسطة,2755,1.5L توربو,CVT,بنزين,بيج شامبين,مواصفات خليجية (GCC),157000,160140
142,Honda Accord,2026,Touring,سيدان متوسطة,1489,2.0L توربو,10-Speed AT,بنزين,أزرق داكن,مواصفات خليجية (GCC),207000,211140
143,Honda Accord,2026,Touring,سيدان متوسطة,2788,2.0L توربو,10-Speed AT,بنزين,أزرق داكن,مواصفات يابانية,193500,197370
144,Honda Accord,2026,Sport Hybrid,سيدان متوسطة,4553,2.0L هجين,CVT,بنزين,أحمر كريستالي,مواصفات خليجية (GCC),165500,168810
145,Honda Accord,2026,Sport Hybrid,سيدان متوسطة,701,2.0L هجين,CVT,بنزين,برتقالي,مواصفات أمريكية,181000,184620
146,Honda Accord,2026,Touring Hybrid,سيدان متوسطة,4548,2.0L هجين,CVT,بنزين,برتقالي,مواصفات خليجية (GCC),234500,239190
147,Honda Accord,2026,Touring Hybrid,سيدان متوسطة,4020,2.0L هجين,CVT,بنزين,أسود معدني,مواصفات أمريكية,214500,218790
148,Honda Civic Sedan,2018,LX,سيدان صغيرة,133190,2.0L,CVT,بنزين,أزرق داكن,مواصفات أمريكية,49000,49980
149,Honda Civic Sedan,2018,LX,سيدان صغيرة,173270,2.0L,CVT,بنزين,بيج شامبين,مواصفات خليجية (GCC),51000,52020
150,Honda Civic Sedan,2018,Sport,سيدان صغيرة,155785,1.5L توربو,CVT,بنزين,برتقالي,مواصفات خليجية (GCC),53500,54570
151,Honda Civic Sedan,2018,Sport,سيدان صغيرة,131527,1.5L توربو,CVT,بنزين,أحمر كريستالي,مواصفات خليجية (GCC),51000,52020
152,Honda Civic Sedan,2018,EX,سيدان صغيرة,134310,1.5L توربو,CVT,بنزين,رمادي فضي,مواصفات أوروبية,64000,65280
153,Honda Civic Sedan,2018,EX,سيدان صغيرة,119649,1.5L توربو,CVT,بنزين,أبيض ثلجي,مواصفات خليجية (GCC),62500,63750
154,Honda Civic Sedan,2018,EX-L,سيدان صغيرة,169537,1.5L توربو,CVT,بنزين,أحمر كريستالي,مواصفات أوروبية,60000,61200
155,Honda Civic Sedan,2018,EX-L,سيدان صغيرة,133551,1.5L توربو,CVT,بنزين,أبيض لؤلؤي,مواصفات خليجية (GCC),62500,63750
156,Honda Civic Sedan,2018,Touring,سيدان صغيرة,163081,1.5L توربو,CVT,بنزين,أبيض لؤلؤي,مواصفات خليجية (GCC),64000,65280
157,Honda Civic Sedan,2018,Touring,سيدان صغيرة,168314,1.5L توربو,CVT,بنزين,برتقالي,مواصفات خليجية (GCC),60000,61200
158,Honda Civic Sedan,2019,LX,سيدان صغيرة,90960,2.0L,CVT,بنزين,برتقالي,مواصفات خليجية (GCC),53000,54060
159,Honda Civic Sedan,2019,LX,سيدان صغيرة,121094,2.0L,CVT,بنزين,برتقالي,مواصفات خليجية (GCC),45000,45900
160,Honda Civic Sedan,2019,Sport,سيدان صغيرة,93153,1.5L توربو,CVT,بنزين,أبيض ثلجي,مواصفات خليجية (GCC),64500,65790
161,Honda Civic Sedan,2019,Sport,سيدان صغيرة,87631,1.5L توربو,CVT,بنزين,أزرق داكن,مواصفات أمريكية,56000,57120
162,Honda Civic Sedan,2019,EX,سيدان صغيرة,92831,1.5L توربو,CVT,بنزين,أخضر زيتوني,مواصفات خليجية (GCC),60000,61200
163,Honda Civic Sedan,2019,EX,سيدان صغيرة,158297,1.5L توربو,CVT,بنزين,أخضر زيتوني,مواصفات أمريكية,63500,64770
164,Honda Civic Sedan,2019,EX-L,سيدان صغيرة,137920,1.5L توربو,CVT,بنزين,أخضر زيتوني,مواصفات يابانية,70000,71400
165,Honda Civic Sedan,2019,EX-L,سيدان صغيرة,123337,1.5L توربو,CVT,بنزين,أسود معدني,مواصفات خليجية (GCC),62000,63240
166,Honda Civic Sedan,2019,Touring,سيدان صغيرة,106285,1.5L توربو,CVT,بنزين,رمادي فضي,مواصفات أمريكية,74000,75480
167,Honda Civic Sedan,2019,Touring,سيدان صغيرة,109350,1.5L توربو,CVT,بنزين,أبيض لؤلؤي,مواصفات خليجية (GCC),83500,85170
168,Honda Civic Sedan,2020,LX,سيدان صغيرة,114539,2.0L,CVT,بنزين,أحمر كريستالي,مواصفات خليجية (GCC),67000,68340
169,Honda Civic Sedan,2020,LX,سيدان صغيرة,99952,2.0L,CVT,بنزين,أحمر كريستالي,مواصفات خليجية (GCC),66500,67830
170,Honda Civic Sedan,2020,LX,سيدان صغيرة,102667,2.0L,CVT,بنزين,بني برونزي,مواصفات خليجية (GCC),57000,58140
171,Honda Civic Sedan,2020,Sport,سيدان صغيرة,91539,1.5L توربو,CVT,بنزين,أسود معدني,مواصفات أمريكية,68000,69360
172,Honda Civic Sedan,2020,Sport,سيدان صغيرة,75580,1.5L توربو,CVT,بنزين,أبيض ثلجي,مواصفات خليجية (GCC),69500,70890
173,Honda Civic Sedan,2020,Sport,سيدان صغيرة,102563,1.5L توربو,CVT,بنزين,أزرق داكن,مواصفات خليجية (GCC),62500,63750
174,Honda Civic Sedan,2020,EX,سيدان صغيرة,111024,1.5L توربو,CVT,بنزين,برتقالي,مواصفات خليجية (GCC),83000,84660
175,Honda Civic Sedan,2020,EX,سيدان صغيرة,84700,1.5L توربو,CVT,بنزين,بيج شامبين,مواصفات يابانية,65500,66810
176,Honda Civic Sedan,2020,EX,سيدان صغيرة,130448,1.5L توربو,CVT,بنزين,أبيض ثلجي,مواصفات خليجية (GCC),65000,66300
177,Honda Civic Sedan,2020,EX-L,سيدان صغيرة,125053,1.5L توربو,CVT,بنزين,رمادي فضي,مواصفات خليجية (GCC),78500,80070
178,Honda Civic Sedan,2020,EX-L,سيدان صغيرة,121750,1.5L توربو,CVT,بنزين,رمادي فضي,مواصفات يابانية,85000,86700
179,Honda Civic Sedan,2020,EX-L,سيدان صغيرة,131681,1.5L توربو,CVT,بنزين,برتقالي,مواصفات أوروبية,87000,88740
180,Honda Civic Sedan,2020,Touring,سيدان صغيرة,107890,1.5L توربو,CVT,بنزين,أسود معدني,مواصفات خليجية (GCC),87000,88740
181,Honda Civic Sedan,2020,Touring,سيدان صغيرة,88207,1.5L توربو,CVT,بنزين,أزرق داكن,مواصفات أمريكية,90000,91800
182,Honda Civic Sedan,2020,Touring,سيدان صغيرة,115378,1.5L توربو,CVT,بنزين,بيج شامبين,مواصفات خليجية (GCC),75500,77010
183,Honda Civic Sedan,2021,LX,سيدان صغيرة,80971,2.0L,CVT,بنزين,أخضر زيتوني,مواصفات أوروبية,60000,61200
184,Honda Civic Sedan,2021,LX,سيدان صغيرة,97173,2.0L,CVT,بنزين,أحمر كريستالي,مواصفات خليجية (GCC),75000,76500
185,Honda Civic Sedan,2021,LX,سيدان صغيرة,103397,2.0L,CVT,بنزين,أبيض لؤلؤي,مواصفات خليجية (GCC),76500,78030
186,Honda Civic Sedan,2021,Sport,سيدان صغيرة,76050,1.5L توربو,CVT,بنزين,برتقالي,مواصفات يابانية,70500,71910
187,Honda Civic Sedan,2021,Sport,سيدان صغيرة,96694,1.5L توربو,CVT,بنزين,أبيض ثلجي,مواصفات أوروبية,66000,67320
188,Honda Civic Sedan,2021,Sport,سيدان صغيرة,77194,1.5L توربو,CVT,بنزين,بني برونزي,مواصفات خليجية (GCC),78000,79560
189,Honda Civic Sedan,2021,EX,سيدان صغيرة,89947,1.5L توربو,CVT,بنزين,أسود معدني,مواصفات أوروبية,81000,82620
190,Honda Civic Sedan,2021,EX,سيدان صغيرة,94724,1.5L توربو,CVT,بنزين,أزرق داكن,مواصفات خليجية (GCC),78000,79560
191,Honda Civic Sedan,2021,EX,سيدان صغيرة,101164,1.5L توربو,CVT,بنزين,برتقالي,مواصفات أمريكية,89000,90780
192,Honda Civic Sedan,2021,EX-L,سيدان صغيرة,82448,1.5L توربو,CVT,بنزين,أحمر كريستالي,مواصفات خليجية (GCC),100000,102000
193,Honda Civic Sedan,2021,EX-L,سيدان صغيرة,112427,1.5L توربو,CVT,بنزين,أزرق داكن,مواصفات يابانية,82500,84150
194,Honda Civic Sedan,2021,EX-L,سيدان صغيرة,94558,1.5L توربو,CVT,بنزين,أبيض لؤلؤي,مواصفات خليجية (GCC),98500,100470
195,Honda Civic Sedan,2021,Touring,سيدان صغيرة,83061,1.5L توربو,CVT,بنزين,برتقالي,مواصفات خليجية (GCC),108000,110160
196,Honda Civic Sedan,2021,Touring,سيدان صغيرة,74486,1.5L توربو,CVT,بنزين,بيج شامبين,مواصفات خليجية (GCC),106000,108120
197,Honda Civic Sedan,2021,Touring,سيدان صغيرة,109113,1.5L توربو,CVT,بنزين,بيج شامبين,مواصفات خليجية (GCC),99500,101490
198,Honda Civic Sedan,2022,LX,سيدان صغيرة,59272,2.0L,CVT,بنزين,أخضر زيتوني,مواصفات خليجية (GCC),79500,81090
199,Honda Civic Sedan,2022,LX,سيدان صغيرة,51073,2.0L,CVT,بنزين,أخضر زيتوني,مواصفات أمريكية,83500,85170
200,Honda Civic Sedan,2022,LX,سيدان صغيرة,70792,2.0L,CVT,بنزين,رمادي فضي,مواصفات أوروبية,84500,86190
201,Honda Civic Sedan,2022,Sport,سيدان صغيرة,85585,1.5L توربو,CVT,بنزين,برتقالي,مواصفات يابانية,87500,89250
202,Honda Civic Sedan,2022,Sport,سيدان صغيرة,58149,1.5L توربو,CVT,بنزين,رمادي فضي,مواصفات خليجية (GCC),93500,95370
203,Honda Civic Sedan,2022,Sport,سيدان صغيرة,72397,1.5L توربو,CVT,بنزين,أزرق داكن,مواصفات خليجية (GCC),75500,77010
204,Honda Civic Sedan,2022,EX,سيدان صغيرة,71696,1.5L توربو,CVT,بنزين,بني برونزي,مواصفات يابانية,83000,84660
205,Honda Civic Sedan,2022,EX,سيدان صغيرة,73092,1.5L توربو,CVT,بنزين,أبيض لؤلؤي,مواصفات يابانية,102000,104040
206,Honda Civic Sedan,2022,EX,سيدان صغيرة,51330,1.5L توربو,CVT,بنزين,أسود معدني,مواصفات أوروبية,93000,94860
207,Honda Civic Sedan,2022,EX-L,سيدان صغيرة,73052,1.5L توربو,CVT,بنزين,أزرق داكن,مواصفات خليجية (GCC),89500,91290
208,Honda Civic Sedan,2022,EX-L,سيدان صغيرة,45649,1.5L توربو,CVT,بنزين,أزرق داكن,مواصفات أمريكية,100500,102510
209,Honda Civic Sedan,2022,EX-L,سيدان صغيرة,72633,1.5L توربو,CVT,بنزين,بني برونزي,مواصفات خليجية (GCC),105500,107610
210,Honda Civic Sedan,2022,Touring,سيدان صغيرة,79276,1.5L توربو,CVT,بنزين,أسود معدني,مواصفات خليجية (GCC),100500,102510
211,Honda Civic Sedan,2022,Touring,سيدان صغيرة,89207,1.5L توربو,CVT,بنزين,برتقالي,مواصفات أمريكية,121500,123930
212,Honda Civic Sedan,2022,Touring,سيدان صغيرة,83560,1.5L توربو,CVT,بنزين,أزرق داكن,مواصفات خليجية (GCC),103000,105060
213,Honda Civic Sedan,2023,LX,سيدان صغيرة,57770,2.0L,CVT,بنزين,برتقالي,مواصفات يابانية,67500,68850
214,Honda Civic Sedan,2023,LX,سيدان صغيرة,54091,2.0L,CVT,بنزين,بيج شامبين,مواصفات خليجية (GCC),75500,77010
215,Honda Civic Sedan,2023,Sport,سيدان صغيرة,64779,1.5L توربو,CVT,بنزين,برتقالي,مواصفات أمريكية,101000,103020
216,Honda Civic Sedan,2023,Sport,سيدان صغيرة,49110,1.5L توربو,CVT,بنزين,أسود معدني,مواصفات يابانية,99000,100980
217,Honda Civic Sedan,2023,EX,سيدان صغيرة,48906,1.5L توربو,CVT,بنزين,أزرق داكن,مواصفات خليجية (GCC),116500,118830
218,Honda Civic Sedan,2023,EX,سيدان صغيرة,45870,1.5L توربو,CVT,بنزين,أبيض ثلجي,مواصفات خليجية (GCC),107500,109650
219,Honda Civic Sedan,2023,EX-L,سيدان صغيرة,43344,1.5L توربو,CVT,بنزين,أزرق داكن,مواصفات أمريكية,119000,121380
220,Honda Civic Sedan,2023,EX-L,سيدان صغيرة,52256,1.5L توربو,CVT,بنزين,أحمر كريستالي,مواصفات خليجية (GCC),111500,113730
221,Honda Civic Sedan,2023,Touring,سيدان صغيرة,45558,1.5L توربو,CVT,بنزين,أبيض لؤلؤي,مواصفات خليجية (GCC),133500,136170
222,Honda Civic Sedan,2023,Touring,سيدان صغيرة,53405,1.5L توربو,CVT,بنزين,رمادي فضي,مواصفات خليجية (GCC),103000,105060
223,Honda Civic Sedan,2024,LX,سيدان صغيرة,26787,2.0L,CVT,بنزين,رمادي فضي,مواصفات أمريكية,91500,93330
224,Honda Civic Sedan,2024,LX,سيدان صغيرة,27743,2.0L,CVT,بنزين,أزرق داكن,مواصفات خليجية (GCC),93500,95370
225,Honda Civic Sedan,2024,Sport,سيدان صغيرة,28600,1.5L توربو,CVT,بنزين,أزرق داكن,مواصفات أوروبية,113000,115260
226,Honda Civic Sedan,2024,Sport,سيدان صغيرة,31984,1.5L توربو,CVT,بنزين,رمادي فضي,مواصفات أوروبية,112500,114750
227,Honda Civic Sedan,2024,EX,سيدان صغيرة,32903,1.5L توربو,CVT,بنزين,أخضر زيتوني,مواصفات خليجية (GCC),126000,128520
228,Honda Civic Sedan,2024,EX,سيدان صغيرة,23788,1.5L توربو,CVT,بنزين,بيج شامبين,مواصفات خليجية (GCC),125000,127500
229,Honda Civic Sedan,2024,EX-L,سيدان صغيرة,37167,1.5L توربو,CVT,بنزين,بيج شامبين,مواصفات أمريكية,123000,125460
230,Honda Civic Sedan,2024,EX-L,سيدان صغيرة,26380,1.5L توربو,CVT,بنزين,بني برونزي,مواصفات خليجية (GCC),128000,130560
231,Honda Civic Sedan,2024,Touring,سيدان صغيرة,39743,1.5L توربو,CVT,بنزين,برتقالي,مواصفات خليجية (GCC),122500,124950
232,Honda Civic Sedan,2024,Touring,سيدان صغيرة,35591,1.5L توربو,CVT,بنزين,أبيض لؤلؤي,مواصفات خليجية (GCC),116500,118830
233,Honda Civic Sedan,2025,LX,سيدان صغيرة,20057,2.0L,CVT,بنزين,بني برونزي,مواصفات خليجية (GCC),86000,87720
234,Honda Civic Sedan,2025,LX,سيدان صغيرة,15589,2.0L,CVT,بنزين,بني برونزي,مواصفات خليجية (GCC),106500,108630
235,Honda Civic Sedan,2025,Sport,سيدان صغيرة,23488,1.5L توربو,CVT,بنزين,أسود معدني,مواصفات يابانية,102500,104550
236,Honda Civic Sedan,2025,Sport,سيدان صغيرة,21703,1.5L توربو,CVT,بنزين,بيج شامبين,مواصفات خليجية (GCC),110000,112200
237,Honda Civic Sedan,2025,EX,سيدان صغيرة,17823,1.5L توربو,CVT,بنزين,بيج شامبين,مواصفات أوروبية,129500,132090
238,Honda Civic Sedan,2025,EX,سيدان صغيرة,14645,1.5L توربو,CVT,بنزين,بيج شامبين,مواصفات يابانية,135500,138210
239,Honda Civic Sedan,2025,EX-L,سيدان صغيرة,14515,1.5L توربو,CVT,بنزين,أسود معدني,مواصفات خليجية (GCC),126500,129030
240,Honda Civic Sedan,2025,EX-L,سيدان صغيرة,15951,1.5L توربو,CVT,بنزين,أبيض ثلجي,مواصفات خليجية (GCC),122500,124950
241,Honda Civic Sedan,2025,Touring,سيدان صغيرة,8177,1.5L توربو,CVT,بنزين,رمادي فضي,مواصفات خليجية (GCC),139500,142290
242,Honda Civic Sedan,2025,Touring,سيدان صغيرة,19612,1.5L توربو,CVT,بنزين,بني برونزي,مواصفات أمريكية,123000,125460
243,Honda Civic Sedan,2026,LX,سيدان صغيرة,1697,2.0L,CVT,بنزين,أحمر كريستالي,مواصفات أمريكية,99000,100980
244,Honda Civic Sedan,2026,LX,سيدان صغيرة,2691,2.0L,CVT,بنزين,أبيض ثلجي,مواصفات أمريكية,94500,96390
245,Honda Civic Sedan,2026,Sport,سيدان صغيرة,23,1.5L توربو,CVT,بنزين,رمادي فضي,مواصفات يابانية,118000,120360
246,Honda Civic Sedan,2026,Sport,سيدان صغيرة,1064,1.5L توربو,CVT,بنزين,أسود معدني,مواصفات أمريكية,116500,118830
247,Honda Civic Sedan,2026,EX,سيدان صغيرة,211,1.5L توربو,CVT,بنزين,أحمر كريستالي,مواصفات خليجية (GCC),118500,120870
248,Honda Civic Sedan,2026,EX,سيدان صغيرة,4823,1.5L توربو,CVT,بنزين,أزرق داكن,مواصفات خليجية (GCC),131000,133620
249,Honda Civic Sedan,2026,EX-L,سيدان صغيرة,429,1.5L توربو,CVT,بنزين,بني برونزي,مواصفات أمريكية,126500,129030
250,Honda Civic Sedan,2026,EX-L,سيدان صغيرة,931,1.5L توربو,CVT,بنزين,بيج شامبين,مواصفات خليجية (GCC),122000,124440
251,Honda Civic Sedan,2026,Touring,سيدان صغيرة,4204,1.5L توربو,CVT,بنزين,بني برونزي,مواصفات خليجية (GCC),167000,170340
252,Honda Civic Sedan,2026,Touring,سيدان صغيرة,1814,1.5L توربو,CVT,بنزين,بني برونزي,مواصفات خليجية (GCC),168500,171870
253,Honda Civic Hatchback,2020,Sport,هاتشباك صغيرة,104150,1.5L توربو,CVT,بنزين,برتقالي,مواصفات خليجية (GCC),56500,57630
254,Honda Civic Hatchback,2020,Sport,هاتشباك صغيرة,113464,1.5L توربو,CVT,بنزين,برتقالي,مواصفات خليجية (GCC),59000,60180
255,Honda Civic Hatchback,2020,Sport,هاتشباك صغيرة,75547,1.5L توربو,CVT,بنزين,أسود معدني,مواصفات خليجية (GCC),67500,68850
256,Honda Civic Hatchback,2020,EX,هاتشباك صغيرة,83907,1.5L توربو,CVT,بنزين,أخضر زيتوني,مواصفات أمريكية,83500,85170
257,Honda Civic Hatchback,2020,EX,هاتشباك صغيرة,134414,1.5L توربو,CVT,بنزين,أبيض ثلجي,مواصفات خليجية (GCC),74000,75480
258,Honda Civic Hatchback,2020,EX,هاتشباك صغيرة,110912,1.5L توربو,CVT,بنزين,بني برونزي,مواصفات يابانية,67000,68340
259,Honda Civic Hatchback,2020,EX-L,هاتشباك صغيرة,95178,1.5L توربو,CVT,بنزين,أخضر زيتوني,مواصفات يابانية,85500,87210
260,Honda Civic Hatchback,2020,EX-L,هاتشباك صغيرة,107748,1.5L توربو,CVT,بنزين,أسود معدني,مواصفات خليجية (GCC),83500,85170
261,Honda Civic Hatchback,2020,EX-L,هاتشباك صغيرة,104712,1.5L توربو,CVT,بنزين,بيج شامبين,مواصفات أمريكية,80500,82110
262,Honda Civic Hatchback,2020,Touring,هاتشباك صغيرة,89770,1.5L توربو,CVT,بنزين,أسود معدني,مواصفات خليجية (GCC),77000,78540
263,Honda Civic Hatchback,2020,Touring,هاتشباك صغيرة,83237,1.5L توربو,CVT,بنزين,بيج شامبين,مواصفات أمريكية,78000,79560
264,Honda Civic Hatchback,2020,Touring,هاتشباك صغيرة,88901,1.5L توربو,CVT,بنزين,بني برونزي,مواصفات خليجية (GCC),76500,78030
265,Honda Civic Hatchback,2021,Sport,هاتشباك صغيرة,106410,1.5L توربو,CVT,بنزين,أخضر زيتوني,مواصفات خليجية (GCC),67000,68340
266,Honda Civic Hatchback,2021,Sport,هاتشباك صغيرة,63922,1.5L توربو,CVT,بنزين,أبيض ثلجي,مواصفات خليجية (GCC),75000,76500
267,Honda Civic Hatchback,2021,Sport,هاتشباك صغيرة,100050,1.5L توربو,CVT,بنزين,أحمر كريستالي,مواصفات أمريكية,68500,69870
268,Honda Civic Hatchback,2021,EX,هاتشباك صغيرة,69601,1.5L توربو,CVT,بنزين,أزرق داكن,مواصفات خليجية (GCC),94000,95880
269,Honda Civic Hatchback,2021,EX,هاتشباك صغيرة,105735,1.5L توربو,CVT,بنزين,أبيض ثلجي,مواصفات أمريكية,88500,90270
270,Honda Civic Hatchback,2021,EX,هاتشباك صغيرة,101035,1.5L توربو,CVT,بنزين,أزرق داكن,مواصفات خليجية (GCC),81500,83130
271,Honda Civic Hatchback,2021,EX-L,هاتشباك صغيرة,85877,1.5L توربو,CVT,بنزين,رمادي فضي,مواصفات خليجية (GCC),91500,93330
272,Honda Civic Hatchback,2021,EX-L,هاتشباك صغيرة,107956,1.5L توربو,CVT,بنزين,أبيض لؤلؤي,مواصفات خليجية (GCC),79500,81090
273,Honda Civic Hatchback,2021,EX-L,هاتشباك صغيرة,71206,1.5L توربو,CVT,بنزين,برتقالي,مواصفات خليجية (GCC),86000,87720
274,Honda Civic Hatchback,2021,Touring,هاتشباك صغيرة,85503,1.5L توربو,CVT,بنزين,بيج شامبين,مواصفات خليجية (GCC),99000,100980
275,Honda Civic Hatchback,2021,Touring,هاتشباك صغيرة,111263,1.5L توربو,CVT,بنزين,رمادي فضي,مواصفات يابانية,87000,88740
276,Honda Civic Hatchback,2021,Touring,هاتشباك صغيرة,68710,1.5L توربو,CVT,بنزين,أخضر زيتوني,مواصفات خليجية (GCC),86500,88230
277,Honda Civic Hatchback,2022,Sport,هاتشباك صغيرة,84774,1.5L توربو,CVT,بنزين,أحمر كريستالي,مواصفات خليجية (GCC),89500,91290
278,Honda Civic Hatchback,2022,Sport,هاتشباك صغيرة,78440,1.5L توربو,CVT,بنزين,أزرق داكن,مواصفات خليجية (GCC),84500,86190
279,Honda Civic Hatchback,2022,Sport,هاتشباك صغيرة,89840,1.5L توربو,CVT,بنزين,أبيض لؤلؤي,مواصفات أمريكية,93500,95370
280,Honda Civic Hatchback,2022,EX,هاتشباك صغيرة,63923,1.5L توربو,CVT,بنزين,أزرق داكن,مواصفات خليجية (GCC),80500,82110
281,Honda Civic Hatchback,2022,EX,هاتشباك صغيرة,59088,1.5L توربو,CVT,بنزين,أسود معدني,مواصفات خليجية (GCC),90000,91800
282,Honda Civic Hatchback,2022,EX,هاتشباك صغيرة,51653,1.5L توربو,CVT,بنزين,أخضر زيتوني,مواصفات خليجية (GCC),98000,99960
283,Honda Civic Hatchback,2022,EX-L,هاتشباك صغيرة,81670,1.5L توربو,CVT,بنزين,بيج شامبين,مواصفات خليجية (GCC),108500,110670
284,Honda Civic Hatchback,2022,EX-L,هاتشباك صغيرة,54225,1.5L توربو,CVT,بنزين,برتقالي,مواصفات خليجية (GCC),87000,88740
285,Honda Civic Hatchback,2022,EX-L,هاتشباك صغيرة,53229,1.5L توربو,CVT,بنزين,أخضر زيتوني,مواصفات خليجية (GCC),112000,114240
286,Honda Civic Hatchback,2022,Touring,هاتشباك صغيرة,75115,1.5L توربو,CVT,بنزين,بيج شامبين,مواصفات خليجية (GCC),97500,99450
287,Honda Civic Hatchback,2022,Touring,هاتشباك صغيرة,61798,1.5L توربو,CVT,بنزين,أسود معدني,مواصفات خليجية (GCC),109000,111180
288,Honda Civic Hatchback,2022,Touring,هاتشباك صغيرة,66082,1.5L توربو,CVT,بنزين,أسود معدني,مواصفات خليجية (GCC),120000,122400
289,Honda Civic Hatchback,2023,Sport,هاتشباك صغيرة,55535,1.5L توربو,CVT,بنزين,رمادي فضي,مواصفات خليجية (GCC),92500,94350
290,Honda Civic Hatchback,2023,Sport,هاتشباك صغيرة,43116,1.5L توربو,CVT,بنزين,أحمر كريستالي,مواصفات خليجية (GCC),81000,82620
291,Honda Civic Hatchback,2023,EX,هاتشباك صغيرة,53924,1.5L توربو,CVT,بنزين,رمادي فضي,مواصفات خليجية (GCC),93000,94860
292,Honda Civic Hatchback,2023,EX,هاتشباك صغيرة,46811,1.5L توربو,CVT,بنزين,أسود معدني,مواصفات خليجية (GCC),94500,96390
293,Honda Civic Hatchback,2023,EX-L,هاتشباك صغيرة,47801,1.5L توربو,CVT,بنزين,أبيض ثلجي,مواصفات أمريكية,117000,119340
294,Honda Civic Hatchback,2023,EX-L,هاتشباك صغيرة,62310,1.5L توربو,CVT,بنزين,بيج شامبين,مواصفات يابانية,110000,112200
295,Honda Civic Hatchback,2023,Touring,هاتشباك صغيرة,45624,1.5L توربو,CVT,بنزين,أزرق داكن,مواصفات خليجية (GCC),104500,106590
296,Honda Civic Hatchback,2023,Touring,هاتشباك صغيرة,54189,1.5L توربو,CVT,بنزين,أسود معدني,مواصفات خليجية (GCC),104000,106080
297,Honda Civic Hatchback,2024,Sport,هاتشباك صغيرة,36735,1.5L توربو,CVT,بنزين,بيج شامبين,مواصفات خليجية (GCC),107000,109140
298,Honda Civic Hatchback,2024,Sport,هاتشباك صغيرة,29663,1.5L توربو,CVT,بنزين,بني برونزي,مواصفات خليجية (GCC),87000,88740
299,Honda Civic Hatchback,2024,EX,هاتشباك صغيرة,39179,1.5L توربو,CVT,بنزين,أبيض لؤلؤي,مواصفات أوروبية,124000,126480
300,Honda Civic Hatchback,2024,EX,هاتشباك صغيرة,43102,1.5L توربو,CVT,بنزين,برتقالي,مواصفات خليجية (GCC),103500,105570
301,Honda Civic Hatchback,2024,EX-L,هاتشباك صغيرة,37899,1.5L توربو,CVT,بنزين,بيج شامبين,مواصفات خليجية (GCC),105000,107100
302,Honda Civic Hatchback,2024,EX-L,هاتشباك صغيرة,30028,1.5L توربو,CVT,بنزين,برتقالي,مواصفات خليجية (GCC),111000,113220
303,Honda Civic Hatchback,2024,Touring,هاتشباك صغيرة,41984,1.5L توربو,CVT,بنزين,بيج شامبين,مواصفات خليجية (GCC),139500,142290
304,Honda Civic Hatchback,2024,Touring,هاتشباك صغيرة,35850,1.5L توربو,CVT,بنزين,بيج شامبين,مواصفات خليجية (GCC),132000,134640
305,Honda Civic Hatchback,2025,Sport,هاتشباك صغيرة,17652,1.5L توربو,CVT,بنزين,أسود معدني,مواصفات خليجية (GCC),108500,110670
306,Honda Civic Hatchback,2025,Sport,هاتشباك صغيرة,22474,1.5L توربو,CVT,بنزين,أبيض ثلجي,مواصفات خليجية (GCC),105500,107610
307,Honda Civic Hatchback,2025,EX,هاتشباك صغيرة,14924,1.5L توربو,CVT,بنزين,رمادي فضي,مواصفات خليجية (GCC),105500,107610
308,Honda Civic Hatchback,2025,EX,هاتشباك صغيرة,17813,1.5L توربو,CVT,بنزين,أسود معدني,مواصفات خليجية (GCC),124500,126990
309,Honda Civic Hatchback,2025,EX-L,هاتشباك صغيرة,21229,1.5L توربو,CVT,بنزين,بيج شامبين,مواصفات خليجية (GCC),132500,135150
310,Honda Civic Hatchback,2025,EX-L,هاتشباك صغيرة,17717,1.5L توربو,CVT,بنزين,أخضر زيتوني,مواصفات خليجية (GCC),115500,117810
311,Honda Civic Hatchback,2025,Touring,هاتشباك صغيرة,21259,1.5L توربو,CVT,بنزين,رمادي فضي,مواصفات خليجية (GCC),120000,122400
312,Honda Civic Hatchback,2025,Touring,هاتشباك صغيرة,16107,1.5L توربو,CVT,بنزين,رمادي فضي,مواصفات خليجية (GCC),148500,151470
313,Honda Civic Hatchback,2026,Sport,هاتشباك صغيرة,1269,1.5L توربو,CVT,بنزين,أسود معدني,مواصفات خليجية (GCC),100000,102000
314,Honda Civic Hatchback,2026,Sport,هاتشباك صغيرة,4158,1.5L توربو,CVT,بنزين,بيج شامبين,مواصفات خليجية (GCC),129500,132090
315,Honda Civic Hatchback,2026,EX,هاتشباك صغيرة,1073,1.5L توربو,CVT,بنزين,رمادي فضي,مواصفات خليجية (GCC),132500,135150
316,Honda Civic Hatchback,2026,EX,هاتشباك صغيرة,1356,1.5L توربو,CVT,بنزين,بيج شامبين,مواصفات خليجية (GCC),136500,139230
317,Honda Civic Hatchback,2026,EX-L,هاتشباك صغيرة,1945,1.5L توربو,CVT,بنزين,برتقالي,مواصفات خليجية (GCC),147000,149940
318,Honda Civic Hatchback,2026,EX-L,هاتشباك صغيرة,1916,1.5L توربو,CVT,بنزين,برتقالي,مواصفات خليجية (GCC),153000,156060
319,Honda Civic Hatchback,2026,Touring,هاتشباك صغيرة,1589,1.5L توربو,CVT,بنزين,أبيض ثلجي,مواصفات أمريكية,152000,155040
320,Honda Civic Hatchback,2026,Touring,هاتشباك صغيرة,3609,1.5L توربو,CVT,بنزين,أخضر زيتوني,مواصفات أمريكية,158500,161670
321,Honda Civic Si,2018,Si,سيدان رياضية,165553,1.5L توربو,6-Speed MT,بنزين,أحمر كريستالي,مواصفات أوروبية,67000,68340
322,Honda Civic Si,2018,Si,سيدان رياضية,172515,1.5L توربو,6-Speed MT,بنزين,برتقالي,مواصفات خليجية (GCC),62000,63240
323,Honda Civic Si,2018,Si Special Edition,سيدان رياضية,148733,1.5L توربو,6-Speed MT,بنزين,بني برونزي,مواصفات أمريكية,62500,63750
324,Honda Civic Si,2018,Si Special Edition,سيدان رياضية,112006,1.5L توربو,6-Speed MT,بنزين,أزرق داكن,مواصفات أمريكية,62000,63240
325,Honda Civic Si,2019,Si,سيدان رياضية,138937,1.5L توربو,6-Speed MT,بنزين,أسود معدني,مواصفات أمريكية,68500,69870
326,Honda Civic Si,2019,Si,سيدان رياضية,111850,1.5L توربو,6-Speed MT,بنزين,أخضر زيتوني,مواصفات يابانية,75500,77010
327,Honda Civic Si,2019,Si Special Edition,سيدان رياضية,91599,1.5L توربو,6-Speed MT,بنزين,أخضر زيتوني,مواصفات خليجية (GCC),85500,87210
328,Honda Civic Si,2019,Si Special Edition,سيدان رياضية,94501,1.5L توربو,6-Speed MT,بنزين,أسود معدني,مواصفات خليجية (GCC),76500,78030
329,Honda Civic Si,2020,Si,سيدان رياضية,102350,1.5L توربو,6-Speed MT,بنزين,برتقالي,مواصفات خليجية (GCC),77500,79050
330,Honda Civic Si,2020,Si,سيدان رياضية,88323,1.5L توربو,6-Speed MT,بنزين,أسود معدني,مواصفات خليجية (GCC),89500,91290
331,Honda Civic Si,2020,Si,سيدان رياضية,73059,1.5L توربو,6-Speed MT,بنزين,بني برونزي,مواصفات أمريكية,80500,82110
332,Honda Civic Si,2020,Si Special Edition,سيدان رياضية,135497,1.5L توربو,6-Speed MT,بنزين,أزرق داكن,مواصفات خليجية (GCC),94500,96390
333,Honda Civic Si,2020,Si Special Edition,سيدان رياضية,95292,1.5L توربو,6-Speed MT,بنزين,أخضر زيتوني,مواصفات خليجية (GCC),83000,84660
334,Honda Civic Si,2020,Si Special Edition,سيدان رياضية,112963,1.5L توربو,6-Speed MT,بنزين,برتقالي,مواصفات أمريكية,82500,84150
335,Honda Civic Si,2021,Si,سيدان رياضية,112662,1.5L توربو,6-Speed MT,بنزين,أبيض ثلجي,مواصفات خليجية (GCC),82000,83640
336,Honda Civic Si,2021,Si,سيدان رياضية,77167,1.5L توربو,6-Speed MT,بنزين,أبيض ثلجي,مواصفات خليجية (GCC),93500,95370
337,Honda Civic Si,2021,Si,سيدان رياضية,87841,1.5L توربو,6-Speed MT,بنزين,أسود معدني,مواصفات خليجية (GCC),105500,107610
338,Honda Civic Si,2021,Si Special Edition,سيدان رياضية,103788,1.5L توربو,6-Speed MT,بنزين,بني برونزي,مواصفات أوروبية,90500,92310
339,Honda Civic Si,2021,Si Special Edition,سيدان رياضية,104876,1.5L توربو,6-Speed MT,بنزين,برتقالي,مواصفات خليجية (GCC),111500,113730
340,Honda Civic Si,2021,Si Special Edition,سيدان رياضية,64903,1.5L توربو,6-Speed MT,بنزين,أبيض لؤلؤي,مواصفات خليجية (GCC),103500,105570
341,Honda Civic Si,2022,Si,سيدان رياضية,67506,1.5L توربو,6-Speed MT,بنزين,أسود معدني,مواصفات خليجية (GCC),106500,108630
342,Honda Civic Si,2022,Si,سيدان رياضية,86579,1.5L توربو,6-Speed MT,بنزين,بني برونزي,مواصفات خليجية (GCC),96500,98430
343,Honda Civic Si,2022,Si,سيدان رياضية,68052,1.5L توربو,6-Speed MT,بنزين,برتقالي,مواصفات أوروبية,112000,114240
344,Honda Civic Si,2022,Si Special Edition,سيدان رياضية,57153,1.5L توربو,6-Speed MT,بنزين,برتقالي,مواصفات أمريكية,100000,102000
345,Honda Civic Si,2022,Si Special Edition,سيدان رياضية,50227,1.5L توربو,6-Speed MT,بنزين,أحمر كريستالي,مواصفات خليجية (GCC),106500,108630
346,Honda Civic Si,2022,Si Special Edition,سيدان رياضية,50914,1.5L توربو,6-Speed MT,بنزين,بني برونزي,مواصفات خليجية (GCC),112000,114240
347,Honda Civic Si,2023,Si,سيدان رياضية,58418,1.5L توربو,6-Speed MT,بنزين,أحمر كريستالي,مواصفات أمريكية,100500,102510
348,Honda Civic Si,2023,Si,سيدان رياضية,50909,1.5L توربو,6-Speed MT,بنزين,بيج شامبين,مواصفات يابانية,101000,103020
349,Honda Civic Si,2023,Si Special Edition,سيدان رياضية,46467,1.5L توربو,6-Speed MT,بنزين,أخضر زيتوني,مواصفات خليجية (GCC),125500,128010
350,Honda Civic Si,2023,Si Special Edition,سيدان رياضية,58946,1.5L توربو,6-Speed MT,بنزين,برتقالي,مواصفات أوروبية,124000,126480
351,Honda Civic Si,2024,Si,سيدان رياضية,41320,1.5L توربو,6-Speed MT,بنزين,أسود معدني,مواصفات خليجية (GCC),137000,139740
352,Honda Civic Si,2024,Si,سيدان رياضية,34203,1.5L توربو,6-Speed MT,بنزين,رمادي فضي,مواصفات خليجية (GCC),132000,134640
353,Honda Civic Si,2024,Si Special Edition,سيدان رياضية,41687,1.5L توربو,6-Speed MT,بنزين,بيج شامبين,مواصفات خليجية (GCC),134000,136680
354,Honda Civic Si,2024,Si Special Edition,سيدان رياضية,33707,1.5L توربو,6-Speed MT,بنزين,أخضر زيتوني,مواصفات خليجية (GCC),141000,143820
355,Honda Civic Si,2025,Si,سيدان رياضية,17002,1.5L توربو,6-Speed MT,بنزين,بيج شامبين,مواصفات خليجية (GCC),137500,140250
356,Honda Civic Si,2025,Si,سيدان رياضية,18624,1.5L توربو,6-Speed MT,بنزين,أخضر زيتوني,مواصفات خليجية (GCC),119500,121890
357,Honda Civic Si,2025,Si Special Edition,سيدان رياضية,21358,1.5L توربو,6-Speed MT,بنزين,رمادي فضي,مواصفات أوروبية,135500,138210
358,Honda Civic Si,2025,Si Special Edition,سيدان رياضية,24133,1.5L توربو,6-Speed MT,بنزين,أحمر كريستالي,مواصفات خليجية (GCC),127500,130050
359,Honda Civic Type R,2018,Type R,هاتشباك رياضية عالية الأداء,144941,2.0L توربو,6-Speed MT,بنزين,أبيض لؤلؤي,مواصفات يابانية,90500,92310
360,Honda Civic Type R,2018,Type R,هاتشباك رياضية عالية الأداء,172817,2.0L توربو,6-Speed MT,بنزين,بيج شامبين,مواصفات يابانية,94000,95880
361,Honda Civic Type R,2018,Type R Limited Edition,هاتشباك رياضية عالية الأداء,150443,2.0L توربو,6-Speed MT,بنزين,بيج شامبين,مواصفات خليجية (GCC),119000,121380
362,Honda Civic Type R,2018,Type R Limited Edition,هاتشباك رياضية عالية الأداء,148318,2.0L توربو,6-Speed MT,بنزين,أسود معدني,مواصفات خليجية (GCC),102000,104040
363,Honda Civic Type R,2019,Type R,هاتشباك رياضية عالية الأداء,85016,2.0L توربو,6-Speed MT,بنزين,بني برونزي,مواصفات خليجية (GCC),112500,114750
364,Honda Civic Type R,2019,Type R,هاتشباك رياضية عالية الأداء,96791,2.0L توربو,6-Speed MT,بنزين,أحمر كريستالي,مواصفات أمريكية,96500,98430
365,Honda Civic Type R,2019,Type R Limited Edition,هاتشباك رياضية عالية الأداء,119793,2.0L توربو,6-Speed MT,بنزين,أسود معدني,مواصفات خليجية (GCC),113000,115260
366,Honda Civic Type R,2019,Type R Limited Edition,هاتشباك رياضية عالية الأداء,133670,2.0L توربو,6-Speed MT,بنزين,بيج شامبين,مواصفات أوروبية,129000,131580
367,Honda Civic Type R,2020,Type R,هاتشباك رياضية عالية الأداء,102215,2.0L توربو,6-Speed MT,بنزين,رمادي فضي,مواصفات يابانية,112000,114240
368,Honda Civic Type R,2020,Type R,هاتشباك رياضية عالية الأداء,90034,2.0L توربو,6-Speed MT,بنزين,أحمر كريستالي,مواصفات خليجية (GCC),128500,131070
369,Honda Civic Type R,2020,Type R,هاتشباك رياضية عالية الأداء,84528,2.0L توربو,6-Speed MT,بنزين,بني برونزي,مواصفات خليجية (GCC),127500,130050
370,Honda Civic Type R,2020,Type R Limited Edition,هاتشباك رياضية عالية الأداء,129300,2.0L توربو,6-Speed MT,بنزين,بني برونزي,مواصفات أمريكية,148500,151470
371,Honda Civic Type R,2020,Type R Limited Edition,هاتشباك رياضية عالية الأداء,81168,2.0L توربو,6-Speed MT,بنزين,برتقالي,مواصفات خليجية (GCC),118000,120360
372,Honda Civic Type R,2020,Type R Limited Edition,هاتشباك رياضية عالية الأداء,125402,2.0L توربو,6-Speed MT,بنزين,أسود معدني,مواصفات أمريكية,144000,146880
373,Honda Civic Type R,2021,Type R,هاتشباك رياضية عالية الأداء,70459,2.0L توربو,6-Speed MT,بنزين,بني برونزي,مواصفات خليجية (GCC),107000,109140
374,Honda Civic Type R,2021,Type R,هاتشباك رياضية عالية الأداء,85322,2.0L توربو,6-Speed MT,بنزين,رمادي فضي,مواصفات أمريكية,116500,118830
375,Honda Civic Type R,2021,Type R,هاتشباك رياضية عالية الأداء,98678,2.0L توربو,6-Speed MT,بنزين,بني برونزي,مواصفات أمريكية,105500,107610
376,Honda Civic Type R,2021,Type R Limited Edition,هاتشباك رياضية عالية الأداء,72517,2.0L توربو,6-Speed MT,بنزين,أحمر كريستالي,مواصفات خليجية (GCC),141000,143820
377,Honda Civic Type R,2021,Type R Limited Edition,هاتشباك رياضية عالية الأداء,91846,2.0L توربو,6-Speed MT,بنزين,أزرق داكن,مواصفات أمريكية,151000,154020
378,Honda Civic Type R,2021,Type R Limited Edition,هاتشباك رياضية عالية الأداء,80104,2.0L توربو,6-Speed MT,بنزين,أزرق داكن,مواصفات خليجية (GCC),150000,153000
379,Honda Civic Type R,2022,Type R,هاتشباك رياضية عالية الأداء,79490,2.0L توربو,6-Speed MT,بنزين,أبيض ثلجي,مواصفات خليجية (GCC),159000,162180
380,Honda Civic Type R,2022,Type R,هاتشباك رياضية عالية الأداء,83578,2.0L توربو,6-Speed MT,بنزين,أبيض ثلجي,مواصفات أمريكية,128000,130560
381,Honda Civic Type R,2022,Type R,هاتشباك رياضية عالية الأداء,74358,2.0L توربو,6-Speed MT,بنزين,أبيض لؤلؤي,مواصفات أمريكية,115500,117810
382,Honda Civic Type R,2022,Type R Limited Edition,هاتشباك رياضية عالية الأداء,49064,2.0L توربو,6-Speed MT,بنزين,أزرق داكن,مواصفات أمريكية,201000,205020
383,Honda Civic Type R,2022,Type R Limited Edition,هاتشباك رياضية عالية الأداء,66185,2.0L توربو,6-Speed MT,بنزين,أبيض لؤلؤي,مواصفات خليجية (GCC),179500,183090
384,Honda Civic Type R,2022,Type R Limited Edition,هاتشباك رياضية عالية الأداء,84574,2.0L توربو,6-Speed MT,بنزين,أزرق داكن,مواصفات خليجية (GCC),167500,170850
385,Honda Civic Type R,2023,Type R,هاتشباك رياضية عالية الأداء,58748,2.0L توربو,6-Speed MT,بنزين,أسود معدني,مواصفات خليجية (GCC),164500,167790
386,Honda Civic Type R,2023,Type R,هاتشباك رياضية عالية الأداء,36532,2.0L توربو,6-Speed MT,بنزين,برتقالي,مواصفات خليجية (GCC),168000,171360
387,Honda Civic Type R,2023,Type R Limited Edition,هاتشباك رياضية عالية الأداء,46599,2.0L توربو,6-Speed MT,بنزين,بيج شامبين,مواصفات خليجية (GCC),217000,221340
388,Honda Civic Type R,2023,Type R Limited Edition,هاتشباك رياضية عالية الأداء,54506,2.0L توربو,6-Speed MT,بنزين,بني برونزي,مواصفات أمريكية,167500,170850
389,Honda Civic Type R,2024,Type R,هاتشباك رياضية عالية الأداء,39143,2.0L توربو,6-Speed MT,بنزين,أسود معدني,مواصفات خليجية (GCC),169500,172890
390,Honda Civic Type R,2024,Type R,هاتشباك رياضية عالية الأداء,35130,2.0L توربو,6-Speed MT,بنزين,أبيض لؤلؤي,مواصفات خليجية (GCC),161000,164220
391,Honda Civic Type R,2024,Type R Limited Edition,هاتشباك رياضية عالية الأداء,34801,2.0L توربو,6-Speed MT,بنزين,رمادي فضي,مواصفات خليجية (GCC),237000,241740
392,Honda Civic Type R,2024,Type R Limited Edition,هاتشباك رياضية عالية الأداء,39192,2.0L توربو,6-Speed MT,بنزين,رمادي فضي,مواصفات خليجية (GCC),203000,207060
393,Honda Civic Type R,2025,Type R,هاتشباك رياضية عالية الأداء,23596,2.0L توربو,6-Speed MT,بنزين,أزرق داكن,مواصفات خليجية (GCC),201000,205020
394,Honda Civic Type R,2025,Type R,هاتشباك رياضية عالية الأداء,15527,2.0L توربو,6-Speed MT,بنزين,بني برونزي,مواصفات يابانية,155000,158100
395,Honda Civic Type R,2025,Type R Limited Edition,هاتشباك رياضية عالية الأداء,18435,2.0L توربو,6-Speed MT,بنزين,أبيض لؤلؤي,مواصفات خليجية (GCC),207500,211650
396,Honda Civic Type R,2025,Type R Limited Edition,هاتشباك رياضية عالية الأداء,12437,2.0L توربو,6-Speed MT,بنزين,برتقالي,مواصفات خليجية (GCC),241500,246330
397,Honda CR-V,2018,LX,SUV متوسطة,137241,1.5L توربو,CVT,بنزين,أخضر زيتوني,مواصفات أمريكية,57500,58650
398,Honda CR-V,2018,LX,SUV متوسطة,112885,1.5L توربو,CVT,بنزين,بيج شامبين,مواصفات أمريكية,67500,68850
399,Honda CR-V,2018,EX,SUV متوسطة,103491,1.5L توربو,CVT,بنزين,أحمر كريستالي,مواصفات خليجية (GCC),66500,67830
400,Honda CR-V,2018,EX,SUV متوسطة,147576,1.5L توربو,CVT,بنزين,بني برونزي,مواصفات خليجية (GCC),73500,74970
401,Honda CR-V,2018,EX-L,SUV متوسطة,159032,1.5L توربو,CVT,بنزين,أبيض ثلجي,مواصفات أمريكية,79500,81090
402,Honda CR-V,2018,EX-L,SUV متوسطة,108676,1.5L توربو,CVT,بنزين,بيج شامبين,مواصفات خليجية (GCC),74000,75480
403,Honda CR-V,2018,Touring,SUV متوسطة,170102,1.5L توربو,CVT,بنزين,أبيض ثلجي,مواصفات خليجية (GCC),101000,103020
404,Honda CR-V,2018,Touring,SUV متوسطة,164304,1.5L توربو,CVT,بنزين,أبيض لؤلؤي,مواصفات خليجية (GCC),93500,95370
405,Honda CR-V,2018,Sport Hybrid,SUV متوسطة,114416,2.0L هجين,CVT,بنزين,رمادي فضي,مواصفات خليجية (GCC),86500,88230
406,Honda CR-V,2018,Sport Hybrid,SUV متوسطة,178902,2.0L هجين,CVT,بنزين,أبيض ثلجي,مواصفات خليجية (GCC),76500,78030
407,Honda CR-V,2018,Touring Hybrid,SUV متوسطة,135406,2.0L هجين,CVT,بنزين,أزرق داكن,مواصفات أوروبية,97000,98940
408,Honda CR-V,2018,Touring Hybrid,SUV متوسطة,174327,2.0L هجين,CVT,بنزين,بني برونزي,مواصفات أمريكية,100500,102510
409,Honda CR-V,2019,LX,SUV متوسطة,144397,1.5L توربو,CVT,بنزين,أبيض لؤلؤي,مواصفات خليجية (GCC),76500,78030
410,Honda CR-V,2019,LX,SUV متوسطة,126672,1.5L توربو,CVT,بنزين,أبيض ثلجي,مواصفات أوروبية,70000,71400
411,Honda CR-V,2019,EX,SUV متوسطة,114716,1.5L توربو,CVT,بنزين,أبيض ثلجي,مواصفات خليجية (GCC),95500,97410
412,Honda CR-V,2019,EX,SUV متوسطة,148969,1.5L توربو,CVT,بنزين,رمادي فضي,مواصفات خليجية (GCC),77000,78540
413,Honda CR-V,2019,EX-L,SUV متوسطة,145352,1.5L توربو,CVT,بنزين,أحمر كريستالي,مواصفات أمريكية,87500,89250
414,Honda CR-V,2019,EX-L,SUV متوسطة,91999,1.5L توربو,CVT,بنزين,أبيض لؤلؤي,مواصفات خليجية (GCC),106000,108120
415,Honda CR-V,2019,Touring,SUV متوسطة,134714,1.5L توربو,CVT,بنزين,أحمر كريستالي,مواصفات خليجية (GCC),106000,108120
416,Honda CR-V,2019,Touring,SUV متوسطة,134282,1.5L توربو,CVT,بنزين,أبيض لؤلؤي,مواصفات يابانية,112000,114240
417,Honda CR-V,2019,Sport Hybrid,SUV متوسطة,103332,2.0L هجين,CVT,بنزين,برتقالي,مواصفات خليجية (GCC),91000,92820
418,Honda CR-V,2019,Sport Hybrid,SUV متوسطة,145436,2.0L هجين,CVT,بنزين,برتقالي,مواصفات أوروبية,94500,96390
419,Honda CR-V,2019,Touring Hybrid,SUV متوسطة,145746,2.0L هجين,CVT,بنزين,أزرق داكن,مواصفات خليجية (GCC),117500,119850
420,Honda CR-V,2019,Touring Hybrid,SUV متوسطة,156897,2.0L هجين,CVT,بنزين,أزرق داكن,مواصفات أوروبية,106000,108120
421,Honda CR-V,2020,LX,SUV متوسطة,126748,1.5L توربو,CVT,بنزين,أزرق داكن,مواصفات يابانية,84000,85680
422,Honda CR-V,2020,LX,SUV متوسطة,98806,1.5L توربو,CVT,بنزين,بيج شامبين,مواصفات خليجية (GCC),94000,95880
423,Honda CR-V,2020,LX,SUV متوسطة,126578,1.5L توربو,CVT,بنزين,بني برونزي,مواصفات خليجية (GCC),86500,88230
424,Honda CR-V,2020,EX,SUV متوسطة,110784,1.5L توربو,CVT,بنزين,رمادي فضي,مواصفات أوروبية,99000,100980
425,Honda CR-V,2020,EX,SUV متوسطة,96237,1.5L توربو,CVT,بنزين,أسود معدني,مواصفات أوروبية,97000,98940
426,Honda CR-V,2020,EX,SUV متوسطة,108291,1.5L توربو,CVT,بنزين,برتقالي,مواصفات خليجية (GCC),111000,113220
427,Honda CR-V,2020,EX-L,SUV متوسطة,91340,1.5L توربو,CVT,بنزين,بني برونزي,مواصفات خليجية (GCC),114500,116790
428,Honda CR-V,2020,EX-L,SUV متوسطة,95949,1.5L توربو,CVT,بنزين,أبيض ثلجي,مواصفات خليجية (GCC),98000,99960
429,Honda CR-V,2020,EX-L,SUV متوسطة,94492,1.5L توربو,CVT,بنزين,بني برونزي,مواصفات أمريكية,96000,97920
430,Honda CR-V,2020,Touring,SUV متوسطة,92996,1.5L توربو,CVT,بنزين,بيج شامبين,مواصفات خليجية (GCC),106500,108630
431,Honda CR-V,2020,Touring,SUV متوسطة,115081,1.5L توربو,CVT,بنزين,أبيض لؤلؤي,مواصفات أمريكية,130500,133110
432,Honda CR-V,2020,Touring,SUV متوسطة,123683,1.5L توربو,CVT,بنزين,برتقالي,مواصفات أمريكية,120000,122400
433,Honda CR-V,2020,Sport Hybrid,SUV متوسطة,117199,2.0L هجين,CVT,بنزين,بيج شامبين,مواصفات أوروبية,124500,126990
434,Honda CR-V,2020,Sport Hybrid,SUV متوسطة,96025,2.0L هجين,CVT,بنزين,أحمر كريستالي,مواصفات أمريكية,99000,100980
435,Honda CR-V,2020,Sport Hybrid,SUV متوسطة,120213,2.0L هجين,CVT,بنزين,رمادي فضي,مواصفات خليجية (GCC),102500,104550
436,Honda CR-V,2020,Touring Hybrid,SUV متوسطة,77074,2.0L هجين,CVT,بنزين,أزرق داكن,مواصفات خليجية (GCC),143000,145860
437,Honda CR-V,2020,Touring Hybrid,SUV متوسطة,70829,2.0L هجين,CVT,بنزين,أسود معدني,مواصفات خليجية (GCC),124500,126990
438,Honda CR-V,2020,Touring Hybrid,SUV متوسطة,104596,2.0L هجين,CVT,بنزين,بني برونزي,مواصفات أوروبية,130500,133110
439,Honda CR-V,2021,LX,SUV متوسطة,106042,1.5L توربو,CVT,بنزين,برتقالي,مواصفات يابانية,90000,91800
440,Honda CR-V,2021,LX,SUV متوسطة,80509,1.5L توربو,CVT,بنزين,برتقالي,مواصفات خليجية (GCC),89500,91290
441,Honda CR-V,2021,LX,SUV متوسطة,79125,1.5L توربو,CVT,بنزين,أزرق داكن,مواصفات أمريكية,85000,86700
442,Honda CR-V,2021,EX,SUV متوسطة,104674,1.5L توربو,CVT,بنزين,أخضر زيتوني,مواصفات خليجية (GCC),103500,105570
443,Honda CR-V,2021,EX,SUV متوسطة,98477,1.5L توربو,CVT,بنزين,أسود معدني,مواصفات خليجية (GCC),110000,112200
444,Honda CR-V,2021,EX,SUV متوسطة,72438,1.5L توربو,CVT,بنزين,أحمر كريستالي,مواصفات خليجية (GCC),116500,118830
445,Honda CR-V,2021,EX-L,SUV متوسطة,59827,1.5L توربو,CVT,بنزين,أزرق داكن,مواصفات خليجية (GCC),121500,123930
446,Honda CR-V,2021,EX-L,SUV متوسطة,86947,1.5L توربو,CVT,بنزين,أبيض لؤلؤي,مواصفات أمريكية,130000,132600
447,Honda CR-V,2021,EX-L,SUV متوسطة,82315,1.5L توربو,CVT,بنزين,أسود معدني,مواصفات خليجية (GCC),135000,137700
448,Honda CR-V,2021,Touring,SUV متوسطة,98151,1.5L توربو,CVT,بنزين,بني برونزي,مواصفات خليجية (GCC),124000,126480
449,Honda CR-V,2021,Touring,SUV متوسطة,82398,1.5L توربو,CVT,بنزين,أزرق داكن,مواصفات يابانية,144000,146880
450,Honda CR-V,2021,Touring,SUV متوسطة,88723,1.5L توربو,CVT,بنزين,برتقالي,مواصفات أوروبية,126500,129030
451,Honda CR-V,2021,Sport Hybrid,SUV متوسطة,74999,2.0L هجين,CVT,بنزين,بيج شامبين,مواصفات أوروبية,139000,141780
452,Honda CR-V,2021,Sport Hybrid,SUV متوسطة,98063,2.0L هجين,CVT,بنزين,أحمر كريستالي,مواصفات أمريكية,127500,130050
453,Honda CR-V,2021,Sport Hybrid,SUV متوسطة,85031,2.0L هجين,CVT,بنزين,بني برونزي,مواصفات خليجية (GCC),110500,112710
454,Honda CR-V,2021,Touring Hybrid,SUV متوسطة,85914,2.0L هجين,CVT,بنزين,بني برونزي,مواصفات خليجية (GCC),151000,154020
455,Honda CR-V,2021,Touring Hybrid,SUV متوسطة,99717,2.0L هجين,CVT,بنزين,رمادي فضي,مواصفات خليجية (GCC),151000,154020
456,Honda CR-V,2021,Touring Hybrid,SUV متوسطة,90400,2.0L هجين,CVT,بنزين,أحمر كريستالي,مواصفات خليجية (GCC),145500,148410
457,Honda CR-V,2022,LX,SUV متوسطة,89224,1.5L توربو,CVT,بنزين,برتقالي,مواصفات يابانية,98000,99960
458,Honda CR-V,2022,LX,SUV متوسطة,54073,1.5L توربو,CVT,بنزين,برتقالي,مواصفات خليجية (GCC),100000,102000
459,Honda CR-V,2022,LX,SUV متوسطة,80901,1.5L توربو,CVT,بنزين,أزرق داكن,مواصفات خليجية (GCC),120000,122400
460,Honda CR-V,2022,EX,SUV متوسطة,50911,1.5L توربو,CVT,بنزين,أحمر كريستالي,مواصفات أمريكية,118500,120870
461,Honda CR-V,2022,EX,SUV متوسطة,82096,1.5L توربو,CVT,بنزين,أسود معدني,مواصفات خليجية (GCC),108500,110670
462,Honda CR-V,2022,EX,SUV متوسطة,79451,1.5L توربو,CVT,بنزين,برتقالي,مواصفات أوروبية,110000,112200
463,Honda CR-V,2022,EX-L,SUV متوسطة,49779,1.5L توربو,CVT,بنزين,رمادي فضي,مواصفات خليجية (GCC),136000,138720
464,Honda CR-V,2022,EX-L,SUV متوسطة,76683,1.5L توربو,CVT,بنزين,أخضر زيتوني,مواصفات خليجية (GCC),134500,137190
465,Honda CR-V,2022,EX-L,SUV متوسطة,68930,1.5L توربو,CVT,بنزين,بني برونزي,مواصفات أوروبية,149000,151980
466,Honda CR-V,2022,Touring,SUV متوسطة,57409,1.5L توربو,CVT,بنزين,بني برونزي,مواصفات خليجية (GCC),135000,137700
467,Honda CR-V,2022,Touring,SUV متوسطة,77420,1.5L توربو,CVT,بنزين,أحمر كريستالي,مواصفات أمريكية,135500,138210
468,Honda CR-V,2022,Touring,SUV متوسطة,43596,1.5L توربو,CVT,بنزين,بني برونزي,مواصفات خليجية (GCC),143500,146370
469,Honda CR-V,2022,Sport Hybrid,SUV متوسطة,79507,2.0L هجين,CVT,بنزين,أحمر كريستالي,مواصفات أمريكية,136500,139230
470,Honda CR-V,2022,Sport Hybrid,SUV متوسطة,78855,2.0L هجين,CVT,بنزين,أسود معدني,مواصفات خليجية (GCC),126000,128520
471,Honda CR-V,2022,Sport Hybrid,SUV متوسطة,51976,2.0L هجين,CVT,بنزين,أبيض لؤلؤي,مواصفات أمريكية,148000,150960
472,Honda CR-V,2022,Touring Hybrid,SUV متوسطة,62148,2.0L هجين,CVT,بنزين,أبيض لؤلؤي,مواصفات خليجية (GCC),143500,146370
473,Honda CR-V,2022,Touring Hybrid,SUV متوسطة,82050,2.0L هجين,CVT,بنزين,أبيض لؤلؤي,مواصفات أمريكية,172000,175440
474,Honda CR-V,2022,Touring Hybrid,SUV متوسطة,59760,2.0L هجين,CVT,بنزين,بني برونزي,مواصفات خليجية (GCC),159500,162690
475,Honda CR-V,2023,LX,SUV متوسطة,42601,1.5L توربو,CVT,بنزين,أزرق داكن,مواصفات خليجية (GCC),110000,112200
476,Honda CR-V,2023,LX,SUV متوسطة,51946,1.5L توربو,CVT,بنزين,بيج شامبين,مواصفات خليجية (GCC),119000,121380
477,Honda CR-V,2023,EX,SUV متوسطة,47587,1.5L توربو,CVT,بنزين,بني برونزي,مواصفات أوروبية,124500,126990
478,Honda CR-V,2023,EX,SUV متوسطة,48638,1.5L توربو,CVT,بنزين,بني برونزي,مواصفات خليجية (GCC),132500,135150
479,Honda CR-V,2023,EX-L,SUV متوسطة,62948,1.5L توربو,CVT,بنزين,بني برونزي,مواصفات أمريكية,160500,163710
480,Honda CR-V,2023,EX-L,SUV متوسطة,56128,1.5L توربو,CVT,بنزين,أخضر زيتوني,مواصفات يابانية,146000,148920
481,Honda CR-V,2023,Touring,SUV متوسطة,61998,1.5L توربو,CVT,بنزين,رمادي فضي,مواصفات خليجية (GCC),178500,182070
482,Honda CR-V,2023,Touring,SUV متوسطة,51906,1.5L توربو,CVT,بنزين,برتقالي,مواصفات أمريكية,151500,154530
483,Honda CR-V,2023,Sport Hybrid,SUV متوسطة,46536,2.0L هجين,CVT,بنزين,رمادي فضي,مواصفات يابانية,146000,148920
484,Honda CR-V,2023,Sport Hybrid,SUV متوسطة,54702,2.0L هجين,CVT,بنزين,أخضر زيتوني,مواصفات خليجية (GCC),159500,162690
485,Honda CR-V,2023,Touring Hybrid,SUV متوسطة,67073,2.0L هجين,CVT,بنزين,أزرق داكن,مواصفات خليجية (GCC),161000,164220
486,Honda CR-V,2023,Touring Hybrid,SUV متوسطة,46404,2.0L هجين,CVT,بنزين,برتقالي,مواصفات خليجية (GCC),187500,191250
487,Honda CR-V,2024,LX,SUV متوسطة,32672,1.5L توربو,CVT,بنزين,أحمر كريستالي,مواصفات أمريكية,142000,144840
488,Honda CR-V,2024,LX,SUV متوسطة,25086,1.5L توربو,CVT,بنزين,أبيض ثلجي,مواصفات أمريكية,133000,135660
489,Honda CR-V,2024,EX,SUV متوسطة,21486,1.5L توربو,CVT,بنزين,أبيض ثلجي,مواصفات أمريكية,138000,140760
490,Honda CR-V,2024,EX,SUV متوسطة,40867,1.5L توربو,CVT,بنزين,بيج شامبين,مواصفات خليجية (GCC),154500,157590
491,Honda CR-V,2024,EX-L,SUV متوسطة,29185,1.5L توربو,CVT,بنزين,أسود معدني,مواصفات يابانية,151500,154530
492,Honda CR-V,2024,EX-L,SUV متوسطة,38666,1.5L توربو,CVT,بنزين,أحمر كريستالي,مواصفات خليجية (GCC),178500,182070
493,Honda CR-V,2024,Touring,SUV متوسطة,35917,1.5L توربو,CVT,بنزين,أزرق داكن,مواصفات خليجية (GCC),186000,189720
494,Honda CR-V,2024,Touring,SUV متوسطة,39111,1.5L توربو,CVT,بنزين,أزرق داكن,مواصفات خليجية (GCC),185000,188700
495,Honda CR-V,2024,Sport Hybrid,SUV متوسطة,33462,2.0L هجين,CVT,بنزين,برتقالي,مواصفات يابانية,171000,174420
496,Honda CR-V,2024,Sport Hybrid,SUV متوسطة,29922,2.0L هجين,CVT,بنزين,أحمر كريستالي,مواصفات أمريكية,185000,188700
497,Honda CR-V,2024,Touring Hybrid,SUV متوسطة,36272,2.0L هجين,CVT,بنزين,أحمر كريستالي,مواصفات خليجية (GCC),191000,194820
498,Honda CR-V,2024,Touring Hybrid,SUV متوسطة,24045,2.0L هجين,CVT,بنزين,أبيض ثلجي,مواصفات خليجية (GCC),182500,186150
499,Honda CR-V,2025,LX,SUV متوسطة,23329,1.5L توربو,CVT,بنزين,بيج شامبين,مواصفات خليجية (GCC),139000,141780
500,Honda CR-V,2025,LX,SUV متوسطة,16991,1.5L توربو,CVT,بنزين,برتقالي,مواصفات أمريكية,155500,158610
501,Honda CR-V,2025,EX,SUV متوسطة,21551,1.5L توربو,CVT,بنزين,برتقالي,مواصفات أمريكية,153500,156570
502,Honda CR-V,2025,EX,SUV متوسطة,22587,1.5L توربو,CVT,بنزين,بيج شامبين,مواصفات أمريكية,148000,150960
503,Honda CR-V,2025,EX-L,SUV متوسطة,12066,1.5L توربو,CVT,بنزين,رمادي فضي,مواصفات خليجية (GCC),194500,198390
504,Honda CR-V,2025,EX-L,SUV متوسطة,16844,1.5L توربو,CVT,بنزين,أسود معدني,مواصفات خليجية (GCC),182500,186150
505,Honda CR-V,2025,Touring,SUV متوسطة,7898,1.5L توربو,CVT,بنزين,أحمر كريستالي,مواصفات خليجية (GCC),192500,196350
506,Honda CR-V,2025,Touring,SUV متوسطة,10587,1.5L توربو,CVT,بنزين,برتقالي,مواصفات خليجية (GCC),168000,171360
507,Honda CR-V,2025,Sport Hybrid,SUV متوسطة,14104,2.0L هجين,CVT,بنزين,أبيض ثلجي,مواصفات خليجية (GCC),191000,194820
508,Honda CR-V,2025,Sport Hybrid,SUV متوسطة,22909,2.0L هجين,CVT,بنزين,بني برونزي,مواصفات خليجية (GCC),154500,157590
509,Honda CR-V,2025,Touring Hybrid,SUV متوسطة,13933,2.0L هجين,CVT,بنزين,أزرق داكن,مواصفات خليجية (GCC),182500,186150
510,Honda CR-V,2025,Touring Hybrid,SUV متوسطة,20474,2.0L هجين,CVT,بنزين,أخضر زيتوني,مواصفات خليجية (GCC),182500,186150
511,Honda CR-V,2026,LX,SUV متوسطة,1468,1.5L توربو,CVT,بنزين,بني برونزي,مواصفات يابانية,137000,139740
512,Honda CR-V,2026,LX,SUV متوسطة,1219,1.5L توربو,CVT,بنزين,بني برونزي,مواصفات خليجية (GCC),146000,148920
513,Honda CR-V,2026,EX,SUV متوسطة,2067,1.5L توربو,CVT,بنزين,أخضر زيتوني,مواصفات خليجية (GCC),171000,174420
514,Honda CR-V,2026,EX,SUV متوسطة,647,1.5L توربو,CVT,بنزين,برتقالي,مواصفات أوروبية,172500,175950
515,Honda CR-V,2026,EX-L,SUV متوسطة,4628,1.5L توربو,CVT,بنزين,أحمر كريستالي,مواصفات أوروبية,178000,181560
516,Honda CR-V,2026,EX-L,SUV متوسطة,2457,1.5L توربو,CVT,بنزين,أسود معدني,مواصفات أمريكية,207000,211140
517,Honda CR-V,2026,Touring,SUV متوسطة,259,1.5L توربو,CVT,بنزين,أخضر زيتوني,مواصفات خليجية (GCC),186000,189720
518,Honda CR-V,2026,Touring,SUV متوسطة,4527,1.5L توربو,CVT,بنزين,أبيض لؤلؤي,مواصفات خليجية (GCC),211000,215220
519,Honda CR-V,2026,Sport Hybrid,SUV متوسطة,1403,2.0L هجين,CVT,بنزين,أخضر زيتوني,مواصفات خليجية (GCC),170500,173910
520,Honda CR-V,2026,Sport Hybrid,SUV متوسطة,2713,2.0L هجين,CVT,بنزين,أسود معدني,مواصفات أوروبية,202000,206040
521,Honda CR-V,2026,Touring Hybrid,SUV متوسطة,4326,2.0L هجين,CVT,بنزين,أبيض ثلجي,مواصفات خليجية (GCC),198000,201960
522,Honda CR-V,2026,Touring Hybrid,SUV متوسطة,3895,2.0L هجين,CVT,بنزين,أسود معدني,مواصفات خليجية (GCC),213000,217260
523,Honda HR-V,2018,LX,SUV صغيرة,136641,2.0L,CVT,بنزين,رمادي فضي,مواصفات أمريكية,41000,41820
524,Honda HR-V,2018,LX,SUV صغيرة,132472,2.0L,CVT,بنزين,أخضر زيتوني,مواصفات خليجية (GCC),36000,36720
525,Honda HR-V,2018,Sport,SUV صغيرة,105983,1.5L توربو,CVT,بنزين,أبيض ثلجي,مواصفات خليجية (GCC),41000,41820
526,Honda HR-V,2018,Sport,SUV صغيرة,150856,1.5L توربو,CVT,بنزين,رمادي فضي,مواصفات خليجية (GCC),43500,44370
527,Honda HR-V,2018,EX,SUV صغيرة,109476,1.5L توربو,CVT,بنزين,أخضر زيتوني,مواصفات خليجية (GCC),52000,53040
528,Honda HR-V,2018,EX,SUV صغيرة,122669,1.5L توربو,CVT,بنزين,أبيض ثلجي,مواصفات خليجية (GCC),51500,52530
529,Honda HR-V,2018,EX-L,SUV صغيرة,175563,1.5L توربو,CVT,بنزين,أزرق داكن,مواصفات خليجية (GCC),55500,56610
530,Honda HR-V,2018,EX-L,SUV صغيرة,158086,1.5L توربو,CVT,بنزين,أخضر زيتوني,مواصفات خليجية (GCC),53000,54060
531,Honda HR-V,2019,LX,SUV صغيرة,131568,2.0L,CVT,بنزين,أخضر زيتوني,مواصفات خليجية (GCC),49500,50490
532,Honda HR-V,2019,LX,SUV صغيرة,93667,2.0L,CVT,بنزين,أسود معدني,مواصفات خليجية (GCC),51500,52530
533,Honda HR-V,2019,Sport,SUV صغيرة,92798,1.5L توربو,CVT,بنزين,رمادي فضي,مواصفات خليجية (GCC),47500,48450
534,Honda HR-V,2019,Sport,SUV صغيرة,128869,1.5L توربو,CVT,بنزين,أبيض لؤلؤي,مواصفات خليجية (GCC),51000,52020
535,Honda HR-V,2019,EX,SUV صغيرة,121636,1.5L توربو,CVT,بنزين,أسود معدني,مواصفات أمريكية,60500,61710
536,Honda HR-V,2019,EX,SUV صغيرة,95620,1.5L توربو,CVT,بنزين,بني برونزي,مواصفات خليجية (GCC),54500,55590
537,Honda HR-V,2019,EX-L,SUV صغيرة,151011,1.5L توربو,CVT,بنزين,أسود معدني,مواصفات خليجية (GCC),67000,68340
538,Honda HR-V,2019,EX-L,SUV صغيرة,128666,1.5L توربو,CVT,بنزين,بيج شامبين,مواصفات خليجية (GCC),56500,57630
539,Honda HR-V,2020,LX,SUV صغيرة,105068,2.0L,CVT,بنزين,أسود معدني,مواصفات خليجية (GCC),49000,49980
540,Honda HR-V,2020,LX,SUV صغيرة,125979,2.0L,CVT,بنزين,أخضر زيتوني,مواصفات خليجية (GCC),54500,55590
541,Honda HR-V,2020,LX,SUV صغيرة,85936,2.0L,CVT,بنزين,برتقالي,مواصفات خليجية (GCC),48500,49470
542,Honda HR-V,2020,Sport,SUV صغيرة,82376,1.5L توربو,CVT,بنزين,أخضر زيتوني,مواصفات خليجية (GCC),54000,55080
543,Honda HR-V,2020,Sport,SUV صغيرة,104399,1.5L توربو,CVT,بنزين,أزرق داكن,مواصفات خليجية (GCC),66000,67320
544,Honda HR-V,2020,Sport,SUV صغيرة,99363,1.5L توربو,CVT,بنزين,برتقالي,مواصفات خليجية (GCC),62500,63750
545,Honda HR-V,2020,EX,SUV صغيرة,79731,1.5L توربو,CVT,بنزين,أخضر زيتوني,مواصفات خليجية (GCC),66500,67830
546,Honda HR-V,2020,EX,SUV صغيرة,105882,1.5L توربو,CVT,بنزين,أخضر زيتوني,مواصفات خليجية (GCC),67500,68850
547,Honda HR-V,2020,EX,SUV صغيرة,127658,1.5L توربو,CVT,بنزين,أحمر كريستالي,مواصفات خليجية (GCC),66500,67830
548,Honda HR-V,2020,EX-L,SUV صغيرة,119235,1.5L توربو,CVT,بنزين,بيج شامبين,مواصفات أوروبية,67500,68850
549,Honda HR-V,2020,EX-L,SUV صغيرة,103694,1.5L توربو,CVT,بنزين,بيج شامبين,مواصفات أمريكية,83000,84660
550,Honda HR-V,2020,EX-L,SUV صغيرة,108558,1.5L توربو,CVT,بنزين,أبيض ثلجي,مواصفات خليجية (GCC),76000,77520
551,Honda HR-V,2021,LX,SUV صغيرة,81068,2.0L,CVT,بنزين,بني برونزي,مواصفات خليجية (GCC),60500,61710
552,Honda HR-V,2021,LX,SUV صغيرة,64763,2.0L,CVT,بنزين,أزرق داكن,مواصفات خليجية (GCC),64000,65280
553,Honda HR-V,2021,LX,SUV صغيرة,67368,2.0L,CVT,بنزين,أزرق داكن,مواصفات خليجية (GCC),63000,64260
554,Honda HR-V,2021,Sport,SUV صغيرة,78964,1.5L توربو,CVT,بنزين,أخضر زيتوني,مواصفات خليجية (GCC),71000,72420
555,Honda HR-V,2021,Sport,SUV صغيرة,87091,1.5L توربو,CVT,بنزين,برتقالي,مواصفات أوروبية,67000,68340
556,Honda HR-V,2021,Sport,SUV صغيرة,109261,1.5L توربو,CVT,بنزين,أخضر زيتوني,مواصفات خليجية (GCC),68500,69870
557,Honda HR-V,2021,EX,SUV صغيرة,100137,1.5L توربو,CVT,بنزين,بني برونزي,مواصفات أمريكية,77000,78540
558,Honda HR-V,2021,EX,SUV صغيرة,105037,1.5L توربو,CVT,بنزين,بيج شامبين,مواصفات أمريكية,66500,67830
559,Honda HR-V,2021,EX,SUV صغيرة,69350,1.5L توربو,CVT,بنزين,بيج شامبين,مواصفات أوروبية,79000,80580
560,Honda HR-V,2021,EX-L,SUV صغيرة,91995,1.5L توربو,CVT,بنزين,أحمر كريستالي,مواصفات خليجية (GCC),68500,69870
561,Honda HR-V,2021,EX-L,SUV صغيرة,105329,1.5L توربو,CVT,بنزين,أبيض ثلجي,مواصفات خليجية (GCC),92000,93840
562,Honda HR-V,2021,EX-L,SUV صغيرة,80408,1.5L توربو,CVT,بنزين,أبيض ثلجي,مواصفات خليجية (GCC),84000,85680
563,Honda HR-V,2022,LX,SUV صغيرة,78265,2.0L,CVT,بنزين,برتقالي,مواصفات أوروبية,62000,63240
564,Honda HR-V,2022,LX,SUV صغيرة,54688,2.0L,CVT,بنزين,أسود معدني,مواصفات يابانية,64000,65280
565,Honda HR-V,2022,LX,SUV صغيرة,52925,2.0L,CVT,بنزين,برتقالي,مواصفات خليجية (GCC),62000,63240
566,Honda HR-V,2022,Sport,SUV صغيرة,65093,1.5L توربو,CVT,بنزين,أسود معدني,مواصفات خليجية (GCC),75000,76500
567,Honda HR-V,2022,Sport,SUV صغيرة,79124,1.5L توربو,CVT,بنزين,أبيض لؤلؤي,مواصفات خليجية (GCC),71000,72420
568,Honda HR-V,2022,Sport,SUV صغيرة,50910,1.5L توربو,CVT,بنزين,أسود معدني,مواصفات خليجية (GCC),83500,85170
569,Honda HR-V,2022,EX,SUV صغيرة,57764,1.5L توربو,CVT,بنزين,رمادي فضي,مواصفات خليجية (GCC),92500,94350
570,Honda HR-V,2022,EX,SUV صغيرة,73860,1.5L توربو,CVT,بنزين,أحمر كريستالي,مواصفات أوروبية,88500,90270
571,Honda HR-V,2022,EX,SUV صغيرة,72566,1.5L توربو,CVT,بنزين,أخضر زيتوني,مواصفات خليجية (GCC),77000,78540
572,Honda HR-V,2022,EX-L,SUV صغيرة,69402,1.5L توربو,CVT,بنزين,أخضر زيتوني,مواصفات خليجية (GCC),85000,86700
573,Honda HR-V,2022,EX-L,SUV صغيرة,68552,1.5L توربو,CVT,بنزين,أسود معدني,مواصفات خليجية (GCC),85500,87210
574,Honda HR-V,2022,EX-L,SUV صغيرة,82503,1.5L توربو,CVT,بنزين,بيج شامبين,مواصفات خليجية (GCC),101000,103020
575,Honda HR-V,2023,LX,SUV صغيرة,48180,2.0L,CVT,بنزين,برتقالي,مواصفات خليجية (GCC),62000,63240
576,Honda HR-V,2023,LX,SUV صغيرة,62072,2.0L,CVT,بنزين,أخضر زيتوني,مواصفات خليجية (GCC),74500,75990
577,Honda HR-V,2023,Sport,SUV صغيرة,61722,1.5L توربو,CVT,بنزين,برتقالي,مواصفات خليجية (GCC),78500,80070
578,Honda HR-V,2023,Sport,SUV صغيرة,44351,1.5L توربو,CVT,بنزين,أسود معدني,مواصفات خليجية (GCC),93500,95370
579,Honda HR-V,2023,EX,SUV صغيرة,42713,1.5L توربو,CVT,بنزين,أسود معدني,مواصفات خليجية (GCC),81000,82620
580,Honda HR-V,2023,EX,SUV صغيرة,46113,1.5L توربو,CVT,بنزين,أخضر زيتوني,مواصفات خليجية (GCC),82500,84150
581,Honda HR-V,2023,EX-L,SUV صغيرة,62571,1.5L توربو,CVT,بنزين,رمادي فضي,مواصفات خليجية (GCC),112500,114750
582,Honda HR-V,2023,EX-L,SUV صغيرة,63723,1.5L توربو,CVT,بنزين,برتقالي,مواصفات خليجية (GCC),92000,93840
583,Honda HR-V,2024,LX,SUV صغيرة,30762,2.0L,CVT,بنزين,برتقالي,مواصفات خليجية (GCC),70000,71400
584,Honda HR-V,2024,LX,SUV صغيرة,26638,2.0L,CVT,بنزين,أحمر كريستالي,مواصفات خليجية (GCC),65000,66300
585,Honda HR-V,2024,Sport,SUV صغيرة,40780,1.5L توربو,CVT,بنزين,أخضر زيتوني,مواصفات أمريكية,90000,91800
586,Honda HR-V,2024,Sport,SUV صغيرة,41921,1.5L توربو,CVT,بنزين,برتقالي,مواصفات أمريكية,95500,97410
587,Honda HR-V,2024,EX,SUV صغيرة,25834,1.5L توربو,CVT,بنزين,أحمر كريستالي,مواصفات أمريكية,83500,85170
588,Honda HR-V,2024,EX,SUV صغيرة,29105,1.5L توربو,CVT,بنزين,أزرق داكن,مواصفات خليجية (GCC),97000,98940
589,Honda HR-V,2024,EX-L,SUV صغيرة,32002,1.5L توربو,CVT,بنزين,برتقالي,مواصفات أمريكية,122000,124440
590,Honda HR-V,2024,EX-L,SUV صغيرة,45381,1.5L توربو,CVT,بنزين,أزرق داكن,مواصفات خليجية (GCC),96500,98430
591,Honda HR-V,2025,LX,SUV صغيرة,21908,2.0L,CVT,بنزين,أبيض لؤلؤي,مواصفات أمريكية,86500,88230
592,Honda HR-V,2025,LX,SUV صغيرة,23182,2.0L,CVT,بنزين,أسود معدني,مواصفات أوروبية,76500,78030
593,Honda HR-V,2025,Sport,SUV صغيرة,15932,1.5L توربو,CVT,بنزين,برتقالي,مواصفات أوروبية,108500,110670
594,Honda HR-V,2025,Sport,SUV صغيرة,17016,1.5L توربو,CVT,بنزين,برتقالي,مواصفات أمريكية,108000,110160
595,Honda HR-V,2025,EX,SUV صغيرة,12805,1.5L توربو,CVT,بنزين,أبيض ثلجي,مواصفات أمريكية,101000,103020
596,Honda HR-V,2025,EX,SUV صغيرة,22742,1.5L توربو,CVT,بنزين,رمادي فضي,مواصفات خليجية (GCC),114500,116790
597,Honda HR-V,2025,EX-L,SUV صغيرة,13775,1.5L توربو,CVT,بنزين,بني برونزي,مواصفات خليجية (GCC),101500,103530
598,Honda HR-V,2025,EX-L,SUV صغيرة,21383,1.5L توربو,CVT,بنزين,أزرق داكن,مواصفات خليجية (GCC),130500,133110
599,Honda HR-V,2026,LX,SUV صغيرة,2370,2.0L,CVT,بنزين,بني برونزي,مواصفات خليجية (GCC),94000,95880
600,Honda HR-V,2026,LX,SUV صغيرة,780,2.0L,CVT,بنزين,أخضر زيتوني,مواصفات أوروبية,79500,81090
601,Honda HR-V,2026,Sport,SUV صغيرة,485,1.5L توربو,CVT,بنزين,رمادي فضي,مواصفات يابانية,97000,98940
602,Honda HR-V,2026,Sport,SUV صغيرة,1087,1.5L توربو,CVT,بنزين,بيج شامبين,مواصفات خليجية (GCC),96000,97920
603,Honda HR-V,2026,EX,SUV صغيرة,2027,1.5L توربو,CVT,بنزين,أبيض ثلجي,مواصفات خليجية (GCC),120500,122910
604,Honda HR-V,2026,EX,SUV صغيرة,2201,1.5L توربو,CVT,بنزين,أسود معدني,مواصفات خليجية (GCC),122000,124440
605,Honda HR-V,2026,EX-L,SUV صغيرة,762,1.5L توربو,CVT,بنزين,أزرق داكن,مواصفات خليجية (GCC),131500,134130
606,Honda HR-V,2026,EX-L,SUV صغيرة,3023,1.5L توربو,CVT,بنزين,بيج شامبين,مواصفات أوروبية,135000,137700
607,Honda Pilot,2018,Sport,SUV كبيرة 3 صفوف,167312,3.5L V6,9-Speed AT,بنزين,برتقالي,مواصفات أمريكية,75500,77010
608,Honda Pilot,2018,Sport,SUV كبيرة 3 صفوف,138989,3.5L V6,9-Speed AT,بنزين,أخضر زيتوني,مواصفات خليجية (GCC),88000,89760
609,Honda Pilot,2018,EX-L,SUV كبيرة 3 صفوف,126865,3.5L V6,9-Speed AT,بنزين,أزرق داكن,مواصفات خليجية (GCC),89000,90780
610,Honda Pilot,2018,EX-L,SUV كبيرة 3 صفوف,144231,3.5L V6,9-Speed AT,بنزين,برتقالي,مواصفات خليجية (GCC),98000,99960
611,Honda Pilot,2018,TrailSport,SUV كبيرة 3 صفوف,136841,3.5L V6,10-Speed AT,بنزين,برتقالي,مواصفات خليجية (GCC),89500,91290
612,Honda Pilot,2018,TrailSport,SUV كبيرة 3 صفوف,95163,3.5L V6,10-Speed AT,بنزين,أبيض لؤلؤي,مواصفات خليجية (GCC),92500,94350
613,Honda Pilot,2018,Touring,SUV كبيرة 3 صفوف,150386,3.5L V6,10-Speed AT,بنزين,أزرق داكن,مواصفات يابانية,114500,116790
614,Honda Pilot,2018,Touring,SUV كبيرة 3 صفوف,116321,3.5L V6,10-Speed AT,بنزين,أزرق داكن,مواصفات أمريكية,97500,99450
615,Honda Pilot,2018,Elite,SUV كبيرة 3 صفوف,107892,3.5L V6,10-Speed AT,بنزين,رمادي فضي,مواصفات يابانية,122500,124950
616,Honda Pilot,2018,Elite,SUV كبيرة 3 صفوف,104277,3.5L V6,10-Speed AT,بنزين,أحمر كريستالي,مواصفات خليجية (GCC),121500,123930
617,Honda Pilot,2018,Black Edition,SUV كبيرة 3 صفوف,148750,3.5L V6,10-Speed AT,بنزين,أحمر كريستالي,مواصفات خليجية (GCC),130500,133110
618,Honda Pilot,2018,Black Edition,SUV كبيرة 3 صفوف,154772,3.5L V6,10-Speed AT,بنزين,بني برونزي,مواصفات خليجية (GCC),114000,116280
619,Honda Pilot,2019,Sport,SUV كبيرة 3 صفوف,130189,3.5L V6,9-Speed AT,بنزين,أسود معدني,مواصفات أمريكية,84500,86190
620,Honda Pilot,2019,Sport,SUV كبيرة 3 صفوف,129598,3.5L V6,9-Speed AT,بنزين,أخضر زيتوني,مواصفات خليجية (GCC),100000,102000
621,Honda Pilot,2019,EX-L,SUV كبيرة 3 صفوف,90919,3.5L V6,9-Speed AT,بنزين,أزرق داكن,مواصفات خليجية (GCC),98000,99960
622,Honda Pilot,2019,EX-L,SUV كبيرة 3 صفوف,100992,3.5L V6,9-Speed AT,بنزين,رمادي فضي,مواصفات يابانية,119500,121890
623,Honda Pilot,2019,TrailSport,SUV كبيرة 3 صفوف,95531,3.5L V6,10-Speed AT,بنزين,رمادي فضي,مواصفات خليجية (GCC),121000,123420
624,Honda Pilot,2019,TrailSport,SUV كبيرة 3 صفوف,135223,3.5L V6,10-Speed AT,بنزين,رمادي فضي,مواصفات خليجية (GCC),126000,128520
625,Honda Pilot,2019,Touring,SUV كبيرة 3 صفوف,133463,3.5L V6,10-Speed AT,بنزين,أسود معدني,مواصفات خليجية (GCC),117000,119340
626,Honda Pilot,2019,Touring,SUV كبيرة 3 صفوف,97068,3.5L V6,10-Speed AT,بنزين,بيج شامبين,مواصفات أمريكية,129500,132090
627,Honda Pilot,2019,Elite,SUV كبيرة 3 صفوف,133397,3.5L V6,10-Speed AT,بنزين,أزرق داكن,مواصفات خليجية (GCC),146500,149430
628,Honda Pilot,2019,Elite,SUV كبيرة 3 صفوف,92725,3.5L V6,10-Speed AT,بنزين,أبيض ثلجي,مواصفات خليجية (GCC),138500,141270
629,Honda Pilot,2019,Black Edition,SUV كبيرة 3 صفوف,112115,3.5L V6,10-Speed AT,بنزين,أزرق داكن,مواصفات أمريكية,156000,159120
630,Honda Pilot,2019,Black Edition,SUV كبيرة 3 صفوف,111044,3.5L V6,10-Speed AT,بنزين,أخضر زيتوني,مواصفات خليجية (GCC),148000,150960
631,Honda Pilot,2020,Sport,SUV كبيرة 3 صفوف,96946,3.5L V6,9-Speed AT,بنزين,أسود معدني,مواصفات خليجية (GCC),105000,107100
632,Honda Pilot,2020,Sport,SUV كبيرة 3 صفوف,98879,3.5L V6,9-Speed AT,بنزين,بني برونزي,مواصفات خليجية (GCC),120000,122400
633,Honda Pilot,2020,Sport,SUV كبيرة 3 صفوف,74098,3.5L V6,9-Speed AT,بنزين,أبيض ثلجي,مواصفات خليجية (GCC),107500,109650
634,Honda Pilot,2020,EX-L,SUV كبيرة 3 صفوف,114356,3.5L V6,9-Speed AT,بنزين,برتقالي,مواصفات أمريكية,128000,130560
635,Honda Pilot,2020,EX-L,SUV كبيرة 3 صفوف,74443,3.5L V6,9-Speed AT,بنزين,أزرق داكن,مواصفات خليجية (GCC),129500,132090
636,Honda Pilot,2020,EX-L,SUV كبيرة 3 صفوف,88856,3.5L V6,9-Speed AT,بنزين,أخضر زيتوني,مواصفات يابانية,109500,111690
637,Honda Pilot,2020,TrailSport,SUV كبيرة 3 صفوف,121493,3.5L V6,10-Speed AT,بنزين,أخضر زيتوني,مواصفات أمريكية,140000,142800
638,Honda Pilot,2020,TrailSport,SUV كبيرة 3 صفوف,115224,3.5L V6,10-Speed AT,بنزين,بني برونزي,مواصفات خليجية (GCC),119000,121380
639,Honda Pilot,2020,TrailSport,SUV كبيرة 3 صفوف,86552,3.5L V6,10-Speed AT,بنزين,بني برونزي,مواصفات خليجية (GCC),119000,121380
640,Honda Pilot,2020,Touring,SUV كبيرة 3 صفوف,89519,3.5L V6,10-Speed AT,بنزين,أبيض ثلجي,مواصفات خليجية (GCC),145000,147900
641,Honda Pilot,2020,Touring,SUV كبيرة 3 صفوف,78579,3.5L V6,10-Speed AT,بنزين,أحمر كريستالي,مواصفات خليجية (GCC),151500,154530
642,Honda Pilot,2020,Touring,SUV كبيرة 3 صفوف,76693,3.5L V6,10-Speed AT,بنزين,أسود معدني,مواصفات يابانية,128000,130560
643,Honda Pilot,2020,Elite,SUV كبيرة 3 صفوف,121543,3.5L V6,10-Speed AT,بنزين,رمادي فضي,مواصفات خليجية (GCC),138500,141270
644,Honda Pilot,2020,Elite,SUV كبيرة 3 صفوف,78943,3.5L V6,10-Speed AT,بنزين,أبيض لؤلؤي,مواصفات خليجية (GCC),163000,166260
645,Honda Pilot,2020,Elite,SUV كبيرة 3 صفوف,91237,3.5L V6,10-Speed AT,بنزين,أزرق داكن,مواصفات خليجية (GCC),149500,152490
646,Honda Pilot,2020,Black Edition,SUV كبيرة 3 صفوف,89502,3.5L V6,10-Speed AT,بنزين,أزرق داكن,مواصفات أمريكية,150000,153000
647,Honda Pilot,2020,Black Edition,SUV كبيرة 3 صفوف,79084,3.5L V6,10-Speed AT,بنزين,أزرق داكن,مواصفات أمريكية,157500,160650
648,Honda Pilot,2020,Black Edition,SUV كبيرة 3 صفوف,119538,3.5L V6,10-Speed AT,بنزين,أبيض ثلجي,مواصفات أمريكية,155000,158100
649,Honda Pilot,2021,Sport,SUV كبيرة 3 صفوف,69438,3.5L V6,9-Speed AT,بنزين,أبيض لؤلؤي,مواصفات خليجية (GCC),126500,129030
650,Honda Pilot,2021,Sport,SUV كبيرة 3 صفوف,105212,3.5L V6,9-Speed AT,بنزين,أزرق داكن,مواصفات خليجية (GCC),114500,116790
651,Honda Pilot,2021,Sport,SUV كبيرة 3 صفوف,72827,3.5L V6,9-Speed AT,بنزين,أحمر كريستالي,مواصفات أمريكية,136000,138720
652,Honda Pilot,2021,EX-L,SUV كبيرة 3 صفوف,96722,3.5L V6,9-Speed AT,بنزين,أبيض لؤلؤي,مواصفات يابانية,122000,124440
653,Honda Pilot,2021,EX-L,SUV كبيرة 3 صفوف,75783,3.5L V6,9-Speed AT,بنزين,رمادي فضي,مواصفات خليجية (GCC),140500,143310
654,Honda Pilot,2021,EX-L,SUV كبيرة 3 صفوف,70239,3.5L V6,9-Speed AT,بنزين,أخضر زيتوني,مواصفات أمريكية,144000,146880
655,Honda Pilot,2021,TrailSport,SUV كبيرة 3 صفوف,78662,3.5L V6,10-Speed AT,بنزين,بيج شامبين,مواصفات خليجية (GCC),140500,143310
656,Honda Pilot,2021,TrailSport,SUV كبيرة 3 صفوف,78496,3.5L V6,10-Speed AT,بنزين,بني برونزي,مواصفات خليجية (GCC),154500,157590
657,Honda Pilot,2021,TrailSport,SUV كبيرة 3 صفوف,62248,3.5L V6,10-Speed AT,بنزين,أبيض لؤلؤي,مواصفات أمريكية,139500,142290
658,Honda Pilot,2021,Touring,SUV كبيرة 3 صفوف,88969,3.5L V6,10-Speed AT,بنزين,أزرق داكن,مواصفات يابانية,159500,162690
659,Honda Pilot,2021,Touring,SUV كبيرة 3 صفوف,83225,3.5L V6,10-Speed AT,بنزين,بيج شامبين,مواصفات خليجية (GCC),163500,166770
660,Honda Pilot,2021,Touring,SUV كبيرة 3 صفوف,76212,3.5L V6,10-Speed AT,بنزين,أبيض ثلجي,مواصفات أمريكية,164000,167280
661,Honda Pilot,2021,Elite,SUV كبيرة 3 صفوف,82470,3.5L V6,10-Speed AT,بنزين,برتقالي,مواصفات خليجية (GCC),168500,171870
662,Honda Pilot,2021,Elite,SUV كبيرة 3 صفوف,79959,3.5L V6,10-Speed AT,بنزين,رمادي فضي,مواصفات أمريكية,185000,188700
663,Honda Pilot,2021,Elite,SUV كبيرة 3 صفوف,62238,3.5L V6,10-Speed AT,بنزين,بيج شامبين,مواصفات خليجية (GCC),154000,157080
664,Honda Pilot,2021,Black Edition,SUV كبيرة 3 صفوف,61273,3.5L V6,10-Speed AT,بنزين,أخضر زيتوني,مواصفات أمريكية,162500,165750
665,Honda Pilot,2021,Black Edition,SUV كبيرة 3 صفوف,81893,3.5L V6,10-Speed AT,بنزين,أحمر كريستالي,مواصفات خليجية (GCC),171000,174420
666,Honda Pilot,2021,Black Edition,SUV كبيرة 3 صفوف,97451,3.5L V6,10-Speed AT,بنزين,رمادي فضي,مواصفات أوروبية,165000,168300
667,Honda Pilot,2022,Sport,SUV كبيرة 3 صفوف,62860,3.5L V6,9-Speed AT,بنزين,بني برونزي,مواصفات يابانية,121000,123420
668,Honda Pilot,2022,Sport,SUV كبيرة 3 صفوف,76170,3.5L V6,9-Speed AT,بنزين,أسود معدني,مواصفات أوروبية,140500,143310
669,Honda Pilot,2022,Sport,SUV كبيرة 3 صفوف,82625,3.5L V6,9-Speed AT,بنزين,أخضر زيتوني,مواصفات خليجية (GCC),142500,145350
670,Honda Pilot,2022,EX-L,SUV كبيرة 3 صفوف,57601,3.5L V6,9-Speed AT,بنزين,رمادي فضي,مواصفات خليجية (GCC),160000,163200
671,Honda Pilot,2022,EX-L,SUV كبيرة 3 صفوف,63294,3.5L V6,9-Speed AT,بنزين,أخضر زيتوني,مواصفات يابانية,145500,148410
672,Honda Pilot,2022,EX-L,SUV كبيرة 3 صفوف,69591,3.5L V6,9-Speed AT,بنزين,أسود معدني,مواصفات خليجية (GCC),154500,157590
673,Honda Pilot,2022,TrailSport,SUV كبيرة 3 صفوف,58514,3.5L V6,10-Speed AT,بنزين,أسود معدني,مواصفات أمريكية,181000,184620
674,Honda Pilot,2022,TrailSport,SUV كبيرة 3 صفوف,54915,3.5L V6,10-Speed AT,بنزين,بيج شامبين,مواصفات خليجية (GCC),152000,155040
675,Honda Pilot,2022,TrailSport,SUV كبيرة 3 صفوف,71618,3.5L V6,10-Speed AT,بنزين,أحمر كريستالي,مواصفات خليجية (GCC),169500,172890
676,Honda Pilot,2022,Touring,SUV كبيرة 3 صفوف,77667,3.5L V6,10-Speed AT,بنزين,أسود معدني,مواصفات خليجية (GCC),176500,180030
677,Honda Pilot,2022,Touring,SUV كبيرة 3 صفوف,51506,3.5L V6,10-Speed AT,بنزين,أبيض ثلجي,مواصفات أمريكية,193000,196860
678,Honda Pilot,2022,Touring,SUV كبيرة 3 صفوف,49162,3.5L V6,10-Speed AT,بنزين,رمادي فضي,مواصفات يابانية,194000,197880
679,Honda Pilot,2022,Elite,SUV كبيرة 3 صفوف,53042,3.5L V6,10-Speed AT,بنزين,أبيض لؤلؤي,مواصفات خليجية (GCC),186000,189720
680,Honda Pilot,2022,Elite,SUV كبيرة 3 صفوف,66846,3.5L V6,10-Speed AT,بنزين,أبيض لؤلؤي,مواصفات أوروبية,208000,212160
681,Honda Pilot,2022,Elite,SUV كبيرة 3 صفوف,76908,3.5L V6,10-Speed AT,بنزين,أحمر كريستالي,مواصفات أمريكية,195500,199410
682,Honda Pilot,2022,Black Edition,SUV كبيرة 3 صفوف,56774,3.5L V6,10-Speed AT,بنزين,رمادي فضي,مواصفات أمريكية,185000,188700
683,Honda Pilot,2022,Black Edition,SUV كبيرة 3 صفوف,51151,3.5L V6,10-Speed AT,بنزين,أحمر كريستالي,مواصفات أمريكية,183000,186660
684,Honda Pilot,2022,Black Edition,SUV كبيرة 3 صفوف,54810,3.5L V6,10-Speed AT,بنزين,أسود معدني,مواصفات خليجية (GCC),219000,223380
685,Honda Pilot,2023,Sport,SUV كبيرة 3 صفوف,69222,3.5L V6,9-Speed AT,بنزين,أسود معدني,مواصفات يابانية,143500,146370
686,Honda Pilot,2023,Sport,SUV كبيرة 3 صفوف,33127,3.5L V6,9-Speed AT,بنزين,برتقالي,مواصفات يابانية,140500,143310
687,Honda Pilot,2023,EX-L,SUV كبيرة 3 صفوف,38836,3.5L V6,9-Speed AT,بنزين,برتقالي,مواصفات خليجية (GCC),163500,166770
688,Honda Pilot,2023,EX-L,SUV كبيرة 3 صفوف,36239,3.5L V6,9-Speed AT,بنزين,أخضر زيتوني,مواصفات خليجية (GCC),176000,179520
689,Honda Pilot,2023,TrailSport,SUV كبيرة 3 صفوف,55867,3.5L V6,10-Speed AT,بنزين,رمادي فضي,مواصفات أمريكية,178000,181560
690,Honda Pilot,2023,TrailSport,SUV كبيرة 3 صفوف,51914,3.5L V6,10-Speed AT,بنزين,برتقالي,مواصفات خليجية (GCC),167500,170850
691,Honda Pilot,2023,Touring,SUV كبيرة 3 صفوف,38872,3.5L V6,10-Speed AT,بنزين,أحمر كريستالي,مواصفات خليجية (GCC),201500,205530
692,Honda Pilot,2023,Touring,SUV كبيرة 3 صفوف,53678,3.5L V6,10-Speed AT,بنزين,برتقالي,مواصفات يابانية,191000,194820
693,Honda Pilot,2023,Elite,SUV كبيرة 3 صفوف,35434,3.5L V6,10-Speed AT,بنزين,أخضر زيتوني,مواصفات خليجية (GCC),200000,204000
694,Honda Pilot,2023,Elite,SUV كبيرة 3 صفوف,49415,3.5L V6,10-Speed AT,بنزين,بني برونزي,مواصفات خليجية (GCC),198500,202470
695,Honda Pilot,2023,Black Edition,SUV كبيرة 3 صفوف,38223,3.5L V6,10-Speed AT,بنزين,برتقالي,مواصفات أمريكية,238000,242760
696,Honda Pilot,2023,Black Edition,SUV كبيرة 3 صفوف,65703,3.5L V6,10-Speed AT,بنزين,بني برونزي,مواصفات يابانية,215500,219810
697,Honda Pilot,2024,Sport,SUV كبيرة 3 صفوف,35901,3.5L V6,9-Speed AT,بنزين,بيج شامبين,مواصفات خليجية (GCC),157000,160140
698,Honda Pilot,2024,Sport,SUV كبيرة 3 صفوف,42154,3.5L V6,9-Speed AT,بنزين,أزرق داكن,مواصفات يابانية,143500,146370
699,Honda Pilot,2024,EX-L,SUV كبيرة 3 صفوف,28646,3.5L V6,9-Speed AT,بنزين,أبيض ثلجي,مواصفات خليجية (GCC),189000,192780
700,Honda Pilot,2024,EX-L,SUV كبيرة 3 صفوف,29241,3.5L V6,9-Speed AT,بنزين,أحمر كريستالي,مواصفات خليجية (GCC),164500,167790
701,Honda Pilot,2024,TrailSport,SUV كبيرة 3 صفوف,36475,3.5L V6,10-Speed AT,بنزين,أبيض لؤلؤي,مواصفات أمريكية,218000,222360
702,Honda Pilot,2024,TrailSport,SUV كبيرة 3 صفوف,35620,3.5L V6,10-Speed AT,بنزين,رمادي فضي,مواصفات خليجية (GCC),217000,221340
703,Honda Pilot,2024,Touring,SUV كبيرة 3 صفوف,28645,3.5L V6,10-Speed AT,بنزين,بيج شامبين,مواصفات خليجية (GCC),218500,222870
704,Honda Pilot,2024,Touring,SUV كبيرة 3 صفوف,38846,3.5L V6,10-Speed AT,بنزين,أبيض ثلجي,مواصفات أمريكية,224500,228990
705,Honda Pilot,2024,Elite,SUV كبيرة 3 صفوف,39796,3.5L V6,10-Speed AT,بنزين,برتقالي,مواصفات يابانية,234000,238680
706,Honda Pilot,2024,Elite,SUV كبيرة 3 صفوف,41827,3.5L V6,10-Speed AT,بنزين,أسود معدني,مواصفات خليجية (GCC),212000,216240
707,Honda Pilot,2024,Black Edition,SUV كبيرة 3 صفوف,24651,3.5L V6,10-Speed AT,بنزين,بني برونزي,مواصفات خليجية (GCC),249000,253980
708,Honda Pilot,2024,Black Edition,SUV كبيرة 3 صفوف,34673,3.5L V6,10-Speed AT,بنزين,أحمر كريستالي,مواصفات يابانية,233500,238170
709,Honda Pilot,2025,Sport,SUV كبيرة 3 صفوف,14719,3.5L V6,9-Speed AT,بنزين,بيج شامبين,مواصفات يابانية,164500,167790
710,Honda Pilot,2025,Sport,SUV كبيرة 3 صفوف,8334,3.5L V6,9-Speed AT,بنزين,رمادي فضي,مواصفات خليجية (GCC),162500,165750
711,Honda Pilot,2025,EX-L,SUV كبيرة 3 صفوف,17439,3.5L V6,9-Speed AT,بنزين,بيج شامبين,مواصفات أوروبية,194500,198390
712,Honda Pilot,2025,EX-L,SUV كبيرة 3 صفوف,23082,3.5L V6,9-Speed AT,بنزين,بيج شامبين,مواصفات خليجية (GCC),178000,181560
713,Honda Pilot,2025,TrailSport,SUV كبيرة 3 صفوف,11815,3.5L V6,10-Speed AT,بنزين,برتقالي,مواصفات يابانية,230500,235110
714,Honda Pilot,2025,TrailSport,SUV كبيرة 3 صفوف,15052,3.5L V6,10-Speed AT,بنزين,أبيض ثلجي,مواصفات أوروبية,229000,233580
715,Honda Pilot,2025,Touring,SUV كبيرة 3 صفوف,16503,3.5L V6,10-Speed AT,بنزين,رمادي فضي,مواصفات خليجية (GCC),240500,245310
716,Honda Pilot,2025,Touring,SUV كبيرة 3 صفوف,18225,3.5L V6,10-Speed AT,بنزين,رمادي فضي,مواصفات أمريكية,244500,249390
717,Honda Pilot,2025,Elite,SUV كبيرة 3 صفوف,9940,3.5L V6,10-Speed AT,بنزين,أخضر زيتوني,مواصفات يابانية,261500,266730
718,Honda Pilot,2025,Elite,SUV كبيرة 3 صفوف,16827,3.5L V6,10-Speed AT,بنزين,أبيض ثلجي,مواصفات خليجية (GCC),229500,234090
719,Honda Pilot,2025,Black Edition,SUV كبيرة 3 صفوف,19884,3.5L V6,10-Speed AT,بنزين,رمادي فضي,مواصفات يابانية,239000,243780
720,Honda Pilot,2025,Black Edition,SUV كبيرة 3 صفوف,13699,3.5L V6,10-Speed AT,بنزين,بيج شامبين,مواصفات خليجية (GCC),247000,251940
721,Honda Pilot,2026,Sport,SUV كبيرة 3 صفوف,1375,3.5L V6,9-Speed AT,بنزين,أسود معدني,مواصفات يابانية,206500,210630
722,Honda Pilot,2026,Sport,SUV كبيرة 3 صفوف,2750,3.5L V6,9-Speed AT,بنزين,أحمر كريستالي,مواصفات خليجية (GCC),194500,198390
723,Honda Pilot,2026,EX-L,SUV كبيرة 3 صفوف,2044,3.5L V6,9-Speed AT,بنزين,أزرق داكن,مواصفات خليجية (GCC),230500,235110
724,Honda Pilot,2026,EX-L,SUV كبيرة 3 صفوف,885,3.5L V6,9-Speed AT,بنزين,أخضر زيتوني,مواصفات خليجية (GCC),232000,236640
725,Honda Pilot,2026,TrailSport,SUV كبيرة 3 صفوف,3589,3.5L V6,10-Speed AT,بنزين,رمادي فضي,مواصفات خليجية (GCC),248000,252960
726,Honda Pilot,2026,TrailSport,SUV كبيرة 3 صفوف,3391,3.5L V6,10-Speed AT,بنزين,بيج شامبين,مواصفات يابانية,232500,237150
727,Honda Pilot,2026,Touring,SUV كبيرة 3 صفوف,4473,3.5L V6,10-Speed AT,بنزين,برتقالي,مواصفات خليجية (GCC),239500,244290
728,Honda Pilot,2026,Touring,SUV كبيرة 3 صفوف,4735,3.5L V6,10-Speed AT,بنزين,أحمر كريستالي,مواصفات أمريكية,257500,262650
729,Honda Pilot,2026,Elite,SUV كبيرة 3 صفوف,1332,3.5L V6,10-Speed AT,بنزين,أبيض لؤلؤي,مواصفات خليجية (GCC),264500,269790
730,Honda Pilot,2026,Elite,SUV كبيرة 3 صفوف,2415,3.5L V6,10-Speed AT,بنزين,أسود معدني,مواصفات خليجية (GCC),236500,241230
731,Honda Pilot,2026,Black Edition,SUV كبيرة 3 صفوف,607,3.5L V6,10-Speed AT,بنزين,أخضر زيتوني,مواصفات خليجية (GCC),272500,277950
732,Honda Pilot,2026,Black Edition,SUV كبيرة 3 صفوف,1318,3.5L V6,10-Speed AT,بنزين,أسود معدني,مواصفات خليجية (GCC),298000,303960
733,Honda Odyssey,2018,LX,ميني فان,145020,3.5L V6,9-Speed AT,بنزين,أبيض لؤلؤي,مواصفات يابانية,79500,81090
734,Honda Odyssey,2018,LX,ميني فان,150231,3.5L V6,9-Speed AT,بنزين,رمادي فضي,مواصفات يابانية,79000,80580
735,Honda Odyssey,2018,EX,ميني فان,99675,3.5L V6,9-Speed AT,بنزين,أحمر كريستالي,مواصفات خليجية (GCC),79000,80580
736,Honda Odyssey,2018,EX,ميني فان,153718,3.5L V6,9-Speed AT,بنزين,أزرق داكن,مواصفات خليجية (GCC),85000,86700
737,Honda Odyssey,2018,EX-L,ميني فان,133867,3.5L V6,9-Speed AT,بنزين,أبيض ثلجي,مواصفات خليجية (GCC),78500,80070
738,Honda Odyssey,2018,EX-L,ميني فان,171083,3.5L V6,9-Speed AT,بنزين,أبيض لؤلؤي,مواصفات خليجية (GCC),80000,81600
739,Honda Odyssey,2018,Touring,ميني فان,148475,3.5L V6,10-Speed AT,بنزين,أبيض ثلجي,مواصفات أمريكية,91000,92820
740,Honda Odyssey,2018,Touring,ميني فان,157223,3.5L V6,10-Speed AT,بنزين,رمادي فضي,مواصفات خليجية (GCC),85500,87210
741,Honda Odyssey,2018,Elite,ميني فان,130590,3.5L V6,10-Speed AT,بنزين,أزرق داكن,مواصفات أمريكية,105000,107100
742,Honda Odyssey,2018,Elite,ميني فان,150811,3.5L V6,10-Speed AT,بنزين,أزرق داكن,مواصفات يابانية,105500,107610
743,Honda Odyssey,2019,LX,ميني فان,98365,3.5L V6,9-Speed AT,بنزين,أخضر زيتوني,مواصفات خليجية (GCC),84500,86190
744,Honda Odyssey,2019,LX,ميني فان,124420,3.5L V6,9-Speed AT,بنزين,برتقالي,مواصفات خليجية (GCC),86500,88230
745,Honda Odyssey,2019,EX,ميني فان,136648,3.5L V6,9-Speed AT,بنزين,أبيض ثلجي,مواصفات أمريكية,88000,89760
746,Honda Odyssey,2019,EX,ميني فان,88539,3.5L V6,9-Speed AT,بنزين,أسود معدني,مواصفات أمريكية,104000,106080
747,Honda Odyssey,2019,EX-L,ميني فان,127295,3.5L V6,9-Speed AT,بنزين,أبيض ثلجي,مواصفات أوروبية,101500,103530
748,Honda Odyssey,2019,EX-L,ميني فان,114159,3.5L V6,9-Speed AT,بنزين,بني برونزي,مواصفات أمريكية,90000,91800
749,Honda Odyssey,2019,Touring,ميني فان,135779,3.5L V6,10-Speed AT,بنزين,برتقالي,مواصفات يابانية,119000,121380
750,Honda Odyssey,2019,Touring,ميني فان,148541,3.5L V6,10-Speed AT,بنزين,أخضر زيتوني,مواصفات خليجية (GCC),112000,114240
751,Honda Odyssey,2019,Elite,ميني فان,91202,3.5L V6,10-Speed AT,بنزين,أبيض ثلجي,مواصفات يابانية,125000,127500
752,Honda Odyssey,2019,Elite,ميني فان,97875,3.5L V6,10-Speed AT,بنزين,رمادي فضي,مواصفات خليجية (GCC),131500,134130
753,Honda Odyssey,2020,LX,ميني فان,90983,3.5L V6,9-Speed AT,بنزين,أسود معدني,مواصفات خليجية (GCC),86000,87720
754,Honda Odyssey,2020,LX,ميني فان,113106,3.5L V6,9-Speed AT,بنزين,أبيض ثلجي,مواصفات خليجية (GCC),105000,107100
755,Honda Odyssey,2020,LX,ميني فان,97588,3.5L V6,9-Speed AT,بنزين,بني برونزي,مواصفات خليجية (GCC),83500,85170
756,Honda Odyssey,2020,EX,ميني فان,115104,3.5L V6,9-Speed AT,بنزين,بني برونزي,مواصفات يابانية,104000,106080
757,Honda Odyssey,2020,EX,ميني فان,112238,3.5L V6,9-Speed AT,بنزين,بني برونزي,مواصفات خليجية (GCC),118500,120870
758,Honda Odyssey,2020,EX,ميني فان,110087,3.5L V6,9-Speed AT,بنزين,أبيض ثلجي,مواصفات خليجية (GCC),107500,109650
759,Honda Odyssey,2020,EX-L,ميني فان,134338,3.5L V6,9-Speed AT,بنزين,أبيض ثلجي,مواصفات يابانية,103500,105570
760,Honda Odyssey,2020,EX-L,ميني فان,81611,3.5L V6,9-Speed AT,بنزين,أخضر زيتوني,مواصفات يابانية,120000,122400
761,Honda Odyssey,2020,EX-L,ميني فان,99237,3.5L V6,9-Speed AT,بنزين,أبيض ثلجي,مواصفات خليجية (GCC),124500,126990
762,Honda Odyssey,2020,Touring,ميني فان,114113,3.5L V6,10-Speed AT,بنزين,رمادي فضي,مواصفات خليجية (GCC),115500,117810
763,Honda Odyssey,2020,Touring,ميني فان,133413,3.5L V6,10-Speed AT,بنزين,بيج شامبين,مواصفات خليجية (GCC),110500,112710
764,Honda Odyssey,2020,Touring,ميني فان,91159,3.5L V6,10-Speed AT,بنزين,أزرق داكن,مواصفات خليجية (GCC),137500,140250
765,Honda Odyssey,2020,Elite,ميني فان,103943,3.5L V6,10-Speed AT,بنزين,أزرق داكن,مواصفات أمريكية,133500,136170
766,Honda Odyssey,2020,Elite,ميني فان,102157,3.5L V6,10-Speed AT,بنزين,أسود معدني,مواصفات خليجية (GCC),152500,155550
767,Honda Odyssey,2020,Elite,ميني فان,91605,3.5L V6,10-Speed AT,بنزين,برتقالي,مواصفات أوروبية,132000,134640
768,Honda Odyssey,2021,LX,ميني فان,85699,3.5L V6,9-Speed AT,بنزين,أسود معدني,مواصفات خليجية (GCC),109000,111180
769,Honda Odyssey,2021,LX,ميني فان,77632,3.5L V6,9-Speed AT,بنزين,أخضر زيتوني,مواصفات يابانية,100000,102000
770,Honda Odyssey,2021,LX,ميني فان,103147,3.5L V6,9-Speed AT,بنزين,بني برونزي,مواصفات أمريكية,107000,109140
771,Honda Odyssey,2021,EX,ميني فان,69095,3.5L V6,9-Speed AT,بنزين,أخضر زيتوني,مواصفات أمريكية,116000,118320
772,Honda Odyssey,2021,EX,ميني فان,74699,3.5L V6,9-Speed AT,بنزين,أحمر كريستالي,مواصفات خليجية (GCC),127000,129540
773,Honda Odyssey,2021,EX,ميني فان,72384,3.5L V6,9-Speed AT,بنزين,أبيض لؤلؤي,مواصفات خليجية (GCC),113500,115770
774,Honda Odyssey,2021,EX-L,ميني فان,87782,3.5L V6,9-Speed AT,بنزين,برتقالي,مواصفات خليجية (GCC),123500,125970
775,Honda Odyssey,2021,EX-L,ميني فان,102878,3.5L V6,9-Speed AT,بنزين,أبيض لؤلؤي,مواصفات يابانية,139000,141780
776,Honda Odyssey,2021,EX-L,ميني فان,80917,3.5L V6,9-Speed AT,بنزين,رمادي فضي,مواصفات خليجية (GCC),132500,135150
777,Honda Odyssey,2021,Touring,ميني فان,103490,3.5L V6,10-Speed AT,بنزين,رمادي فضي,مواصفات خليجية (GCC),145500,148410
778,Honda Odyssey,2021,Touring,ميني فان,77665,3.5L V6,10-Speed AT,بنزين,أبيض لؤلؤي,مواصفات خليجية (GCC),134500,137190
779,Honda Odyssey,2021,Touring,ميني فان,77720,3.5L V6,10-Speed AT,بنزين,أحمر كريستالي,مواصفات أوروبية,155500,158610
780,Honda Odyssey,2021,Elite,ميني فان,76827,3.5L V6,10-Speed AT,بنزين,بني برونزي,مواصفات أمريكية,146500,149430
781,Honda Odyssey,2021,Elite,ميني فان,56785,3.5L V6,10-Speed AT,بنزين,رمادي فضي,مواصفات يابانية,155500,158610
782,Honda Odyssey,2021,Elite,ميني فان,104383,3.5L V6,10-Speed AT,بنزين,أزرق داكن,مواصفات خليجية (GCC),144500,147390
783,Honda Odyssey,2022,LX,ميني فان,67987,3.5L V6,9-Speed AT,بنزين,برتقالي,مواصفات يابانية,118500,120870
784,Honda Odyssey,2022,LX,ميني فان,63087,3.5L V6,9-Speed AT,بنزين,بني برونزي,مواصفات خليجية (GCC),123000,125460
785,Honda Odyssey,2022,LX,ميني فان,78600,3.5L V6,9-Speed AT,بنزين,بيج شامبين,مواصفات خليجية (GCC),105500,107610
786,Honda Odyssey,2022,EX,ميني فان,89520,3.5L V6,9-Speed AT,بنزين,أسود معدني,مواصفات خليجية (GCC),142500,145350
787,Honda Odyssey,2022,EX,ميني فان,75613,3.5L V6,9-Speed AT,بنزين,بيج شامبين,مواصفات أوروبية,129500,132090
788,Honda Odyssey,2022,EX,ميني فان,65422,3.5L V6,9-Speed AT,بنزين,أزرق داكن,مواصفات أمريكية,144500,147390
789,Honda Odyssey,2022,EX-L,ميني فان,57800,3.5L V6,9-Speed AT,بنزين,أبيض لؤلؤي,مواصفات أمريكية,148000,150960
790,Honda Odyssey,2022,EX-L,ميني فان,88940,3.5L V6,9-Speed AT,بنزين,رمادي فضي,مواصفات خليجية (GCC),155000,158100
791,Honda Odyssey,2022,EX-L,ميني فان,52816,3.5L V6,9-Speed AT,بنزين,أخضر زيتوني,مواصفات خليجية (GCC),138000,140760
792,Honda Odyssey,2022,Touring,ميني فان,75873,3.5L V6,10-Speed AT,بنزين,أبيض ثلجي,مواصفات خليجية (GCC),170000,173400
793,Honda Odyssey,2022,Touring,ميني فان,61066,3.5L V6,10-Speed AT,بنزين,بني برونزي,مواصفات أمريكية,169500,172890
794,Honda Odyssey,2022,Touring,ميني فان,80049,3.5L V6,10-Speed AT,بنزين,رمادي فضي,مواصفات خليجية (GCC),159500,162690
795,Honda Odyssey,2022,Elite,ميني فان,82551,3.5L V6,10-Speed AT,بنزين,رمادي فضي,مواصفات خليجية (GCC),163500,166770
796,Honda Odyssey,2022,Elite,ميني فان,69107,3.5L V6,10-Speed AT,بنزين,بيج شامبين,مواصفات يابانية,186000,189720
797,Honda Odyssey,2022,Elite,ميني فان,52493,3.5L V6,10-Speed AT,بنزين,أزرق داكن,مواصفات خليجية (GCC),166500,169830
798,Honda Odyssey,2023,LX,ميني فان,57095,3.5L V6,9-Speed AT,بنزين,أزرق داكن,مواصفات خليجية (GCC),130000,132600
799,Honda Odyssey,2023,LX,ميني فان,55723,3.5L V6,9-Speed AT,بنزين,أبيض ثلجي,مواصفات خليجية (GCC),135000,137700
800,Honda Odyssey,2023,EX,ميني فان,60687,3.5L V6,9-Speed AT,بنزين,بني برونزي,مواصفات يابانية,149500,152490
801,Honda Odyssey,2023,EX,ميني فان,43142,3.5L V6,9-Speed AT,بنزين,أبيض لؤلؤي,مواصفات خليجية (GCC),152500,155550
802,Honda Odyssey,2023,EX-L,ميني فان,40660,3.5L V6,9-Speed AT,بنزين,أبيض ثلجي,مواصفات خليجية (GCC),146000,148920
803,Honda Odyssey,2023,EX-L,ميني فان,55834,3.5L V6,9-Speed AT,بنزين,رمادي فضي,مواصفات يابانية,152500,155550
804,Honda Odyssey,2023,Touring,ميني فان,42960,3.5L V6,10-Speed AT,بنزين,رمادي فضي,مواصفات خليجية (GCC),165500,168810
805,Honda Odyssey,2023,Touring,ميني فان,47352,3.5L V6,10-Speed AT,بنزين,أحمر كريستالي,مواصفات خليجية (GCC),149000,151980
806,Honda Odyssey,2023,Elite,ميني فان,48727,3.5L V6,10-Speed AT,بنزين,أسود معدني,مواصفات خليجية (GCC),204000,208080
807,Honda Odyssey,2023,Elite,ميني فان,44465,3.5L V6,10-Speed AT,بنزين,أخضر زيتوني,مواصفات خليجية (GCC),197000,200940
808,Honda Odyssey,2024,LX,ميني فان,40922,3.5L V6,9-Speed AT,بنزين,أحمر كريستالي,مواصفات خليجية (GCC),120500,122910
809,Honda Odyssey,2024,LX,ميني فان,31454,3.5L V6,9-Speed AT,بنزين,بني برونزي,مواصفات أمريكية,138500,141270
810,Honda Odyssey,2024,EX,ميني فان,25537,3.5L V6,9-Speed AT,بنزين,أحمر كريستالي,مواصفات خليجية (GCC),174000,177480
811,Honda Odyssey,2024,EX,ميني فان,32055,3.5L V6,9-Speed AT,بنزين,أخضر زيتوني,مواصفات خليجية (GCC),153500,156570
812,Honda Odyssey,2024,EX-L,ميني فان,45136,3.5L V6,9-Speed AT,بنزين,أبيض لؤلؤي,مواصفات خليجية (GCC),165000,168300
813,Honda Odyssey,2024,EX-L,ميني فان,33534,3.5L V6,9-Speed AT,بنزين,أبيض ثلجي,مواصفات أمريكية,173500,176970
814,Honda Odyssey,2024,Touring,ميني فان,41709,3.5L V6,10-Speed AT,بنزين,رمادي فضي,مواصفات يابانية,186000,189720
815,Honda Odyssey,2024,Touring,ميني فان,38261,3.5L V6,10-Speed AT,بنزين,رمادي فضي,مواصفات أمريكية,182000,185640
816,Honda Odyssey,2024,Elite,ميني فان,32531,3.5L V6,10-Speed AT,بنزين,رمادي فضي,مواصفات خليجية (GCC),192000,195840
817,Honda Odyssey,2024,Elite,ميني فان,26279,3.5L V6,10-Speed AT,بنزين,أسود معدني,مواصفات خليجية (GCC),212000,216240
818,Honda Odyssey,2025,LX,ميني فان,13618,3.5L V6,9-Speed AT,بنزين,أزرق داكن,مواصفات يابانية,153000,156060
819,Honda Odyssey,2025,LX,ميني فان,16557,3.5L V6,9-Speed AT,بنزين,أسود معدني,مواصفات أوروبية,166500,169830
820,Honda Odyssey,2025,EX,ميني فان,8113,3.5L V6,9-Speed AT,بنزين,برتقالي,مواصفات خليجية (GCC),189000,192780
821,Honda Odyssey,2025,EX,ميني فان,15254,3.5L V6,9-Speed AT,بنزين,رمادي فضي,مواصفات خليجية (GCC),180500,184110
822,Honda Odyssey,2025,EX-L,ميني فان,10518,3.5L V6,9-Speed AT,بنزين,أسود معدني,مواصفات خليجية (GCC),178500,182070
823,Honda Odyssey,2025,EX-L,ميني فان,19947,3.5L V6,9-Speed AT,بنزين,رمادي فضي,مواصفات خليجية (GCC),198000,201960
824,Honda Odyssey,2025,Touring,ميني فان,15580,3.5L V6,10-Speed AT,بنزين,أسود معدني,مواصفات أمريكية,206000,210120
825,Honda Odyssey,2025,Touring,ميني فان,13498,3.5L V6,10-Speed AT,بنزين,أحمر كريستالي,مواصفات خليجية (GCC),222500,226950
826,Honda Odyssey,2025,Elite,ميني فان,20249,3.5L V6,10-Speed AT,بنزين,بني برونزي,مواصفات خليجية (GCC),241000,245820
827,Honda Odyssey,2025,Elite,ميني فان,16168,3.5L V6,10-Speed AT,بنزين,رمادي فضي,مواصفات خليجية (GCC),236500,241230
828,Honda City,2018,S,سيدان اقتصادية,105140,1.5L,CVT,بنزين,برتقالي,مواصفات يابانية,30000,30600
829,Honda City,2018,S,سيدان اقتصادية,138170,1.5L,CVT,بنزين,أسود معدني,مواصفات خليجية (GCC),23000,23460
830,Honda City,2018,E,سيدان اقتصادية,114878,1.5L,CVT,بنزين,أسود معدني,مواصفات خليجية (GCC),33500,34170
831,Honda City,2018,E,سيدان اقتصادية,159293,1.5L,CVT,بنزين,أحمر كريستالي,مواصفات يابانية,28000,28560
832,Honda City,2018,EX,سيدان اقتصادية,155714,1.5L,CVT,بنزين,أسود معدني,مواصفات خليجية (GCC),33500,34170
833,Honda City,2018,EX,سيدان اقتصادية,114542,1.5L,CVT,بنزين,بيج شامبين,مواصفات خليجية (GCC),34000,34680
834,Honda City,2018,V/Top,سيدان اقتصادية,148730,1.5L,CVT,بنزين,أبيض لؤلؤي,مواصفات يابانية,34500,35190
835,Honda City,2018,V/Top,سيدان اقتصادية,94531,1.5L,CVT,بنزين,بيج شامبين,مواصفات خليجية (GCC),42500,43350
836,Honda City,2019,S,سيدان اقتصادية,127170,1.5L,CVT,بنزين,أسود معدني,مواصفات يابانية,31000,31620
837,Honda City,2019,S,سيدان اقتصادية,127350,1.5L,CVT,بنزين,أخضر زيتوني,مواصفات خليجية (GCC),29500,30090
838,Honda City,2019,E,سيدان اقتصادية,135806,1.5L,CVT,بنزين,برتقالي,مواصفات أمريكية,37000,37740
839,Honda City,2019,E,سيدان اقتصادية,130095,1.5L,CVT,بنزين,أبيض لؤلؤي,مواصفات خليجية (GCC),32500,33150
840,Honda City,2019,EX,سيدان اقتصادية,98976,1.5L,CVT,بنزين,برتقالي,مواصفات يابانية,41500,42330
841,Honda City,2019,EX,سيدان اقتصادية,151425,1.5L,CVT,بنزين,بيج شامبين,مواصفات خليجية (GCC),37500,38250
842,Honda City,2019,V/Top,سيدان اقتصادية,84444,1.5L,CVT,بنزين,أسود معدني,مواصفات يابانية,46500,47430
843,Honda City,2019,V/Top,سيدان اقتصادية,133386,1.5L,CVT,بنزين,بيج شامبين,مواصفات خليجية (GCC),39000,39780
844,Honda City,2020,S,سيدان اقتصادية,76810,1.5L,CVT,بنزين,أحمر كريستالي,مواصفات أمريكية,41000,41820
845,Honda City,2020,S,سيدان اقتصادية,108756,1.5L,CVT,بنزين,أبيض ثلجي,مواصفات أمريكية,40000,40800
846,Honda City,2020,S,سيدان اقتصادية,83451,1.5L,CVT,بنزين,أخضر زيتوني,مواصفات خليجية (GCC),35000,35700
847,Honda City,2020,E,سيدان اقتصادية,90757,1.5L,CVT,بنزين,رمادي فضي,مواصفات خليجية (GCC),36000,36720
848,Honda City,2020,E,سيدان اقتصادية,124386,1.5L,CVT,بنزين,أسود معدني,مواصفات يابانية,44000,44880
849,Honda City,2020,E,سيدان اقتصادية,120583,1.5L,CVT,بنزين,أزرق داكن,مواصفات خليجية (GCC),39500,40290
850,Honda City,2020,EX,سيدان اقتصادية,80249,1.5L,CVT,بنزين,أخضر زيتوني,مواصفات خليجية (GCC),43500,44370
851,Honda City,2020,EX,سيدان اقتصادية,110492,1.5L,CVT,بنزين,أبيض ثلجي,مواصفات خليجية (GCC),41000,41820
852,Honda City,2020,EX,سيدان اقتصادية,112488,1.5L,CVT,بنزين,أسود معدني,مواصفات خليجية (GCC),49000,49980
853,Honda City,2020,V/Top,سيدان اقتصادية,116179,1.5L,CVT,بنزين,أبيض لؤلؤي,مواصفات خليجية (GCC),45500,46410
854,Honda City,2020,V/Top,سيدان اقتصادية,130764,1.5L,CVT,بنزين,أبيض ثلجي,مواصفات أمريكية,43500,44370
855,Honda City,2020,V/Top,سيدان اقتصادية,105268,1.5L,CVT,بنزين,برتقالي,مواصفات خليجية (GCC),54000,55080
856,Honda City,2021,S,سيدان اقتصادية,88873,1.5L,CVT,بنزين,برتقالي,مواصفات أمريكية,35000,35700
857,Honda City,2021,S,سيدان اقتصادية,91372,1.5L,CVT,بنزين,بيج شامبين,مواصفات خليجية (GCC),46500,47430
858,Honda City,2021,S,سيدان اقتصادية,93938,1.5L,CVT,بنزين,أحمر كريستالي,مواصفات أمريكية,36000,36720
859,Honda City,2021,E,سيدان اقتصادية,60767,1.5L,CVT,بنزين,أزرق داكن,مواصفات أمريكية,46500,47430
860,Honda City,2021,E,سيدان اقتصادية,108417,1.5L,CVT,بنزين,أبيض لؤلؤي,مواصفات أمريكية,47000,47940
861,Honda City,2021,E,سيدان اقتصادية,76512,1.5L,CVT,بنزين,أخضر زيتوني,مواصفات أمريكية,42000,42840
862,Honda City,2021,EX,سيدان اقتصادية,67926,1.5L,CVT,بنزين,أسود معدني,مواصفات خليجية (GCC),57000,58140
863,Honda City,2021,EX,سيدان اقتصادية,90717,1.5L,CVT,بنزين,أحمر كريستالي,مواصفات أمريكية,54000,55080
864,Honda City,2021,EX,سيدان اقتصادية,84445,1.5L,CVT,بنزين,أبيض ثلجي,مواصفات خليجية (GCC),53000,54060
865,Honda City,2021,V/Top,سيدان اقتصادية,72471,1.5L,CVT,بنزين,بني برونزي,مواصفات أمريكية,58500,59670
866,Honda City,2021,V/Top,سيدان اقتصادية,74197,1.5L,CVT,بنزين,أبيض لؤلؤي,مواصفات خليجية (GCC),49000,49980
867,Honda City,2021,V/Top,سيدان اقتصادية,107411,1.5L,CVT,بنزين,بني برونزي,مواصفات خليجية (GCC),61000,62220
868,Honda City,2022,S,سيدان اقتصادية,64091,1.5L,CVT,بنزين,رمادي فضي,مواصفات أمريكية,41500,42330
869,Honda City,2022,S,سيدان اقتصادية,56131,1.5L,CVT,بنزين,بيج شامبين,مواصفات خليجية (GCC),51500,52530
870,Honda City,2022,S,سيدان اقتصادية,82338,1.5L,CVT,بنزين,أحمر كريستالي,مواصفات أوروبية,47500,48450
871,Honda City,2022,E,سيدان اقتصادية,67446,1.5L,CVT,بنزين,برتقالي,مواصفات أوروبية,51500,52530
872,Honda City,2022,E,سيدان اقتصادية,54003,1.5L,CVT,بنزين,بني برونزي,مواصفات خليجية (GCC),53000,54060
873,Honda City,2022,E,سيدان اقتصادية,71563,1.5L,CVT,بنزين,بني برونزي,مواصفات أمريكية,50500,51510
874,Honda City,2022,EX,سيدان اقتصادية,60531,1.5L,CVT,بنزين,أزرق داكن,مواصفات خليجية (GCC),54000,55080
875,Honda City,2022,EX,سيدان اقتصادية,67801,1.5L,CVT,بنزين,رمادي فضي,مواصفات أوروبية,64500,65790
876,Honda City,2022,EX,سيدان اقتصادية,84908,1.5L,CVT,بنزين,أسود معدني,مواصفات خليجية (GCC),64000,65280
877,Honda City,2022,V/Top,سيدان اقتصادية,75296,1.5L,CVT,بنزين,أخضر زيتوني,مواصفات خليجية (GCC),65500,66810
878,Honda City,2022,V/Top,سيدان اقتصادية,82672,1.5L,CVT,بنزين,بني برونزي,مواصفات أمريكية,64000,65280
879,Honda City,2022,V/Top,سيدان اقتصادية,50390,1.5L,CVT,بنزين,أبيض لؤلؤي,مواصفات خليجية (GCC),63000,64260
880,Honda City,2023,S,سيدان اقتصادية,45199,1.5L,CVT,بنزين,أزرق داكن,مواصفات أوروبية,45000,45900
881,Honda City,2023,S,سيدان اقتصادية,39213,1.5L,CVT,بنزين,بني برونزي,مواصفات خليجية (GCC),48500,49470
882,Honda City,2023,E,سيدان اقتصادية,38463,1.5L,CVT,بنزين,بني برونزي,مواصفات خليجية (GCC),59000,60180
883,Honda City,2023,E,سيدان اقتصادية,51220,1.5L,CVT,بنزين,أزرق داكن,مواصفات خليجية (GCC),57500,58650
884,Honda City,2023,EX,سيدان اقتصادية,39558,1.5L,CVT,بنزين,بيج شامبين,مواصفات خليجية (GCC),64000,65280
885,Honda City,2023,EX,سيدان اقتصادية,59019,1.5L,CVT,بنزين,أحمر كريستالي,مواصفات أمريكية,54000,55080
886,Honda City,2023,V/Top,سيدان اقتصادية,56472,1.5L,CVT,بنزين,بيج شامبين,مواصفات أمريكية,75500,77010
887,Honda City,2023,V/Top,سيدان اقتصادية,68875,1.5L,CVT,بنزين,أحمر كريستالي,مواصفات خليجية (GCC),78500,80070
888,Honda City,2024,S,سيدان اقتصادية,35991,1.5L,CVT,بنزين,أسود معدني,مواصفات أوروبية,49500,50490
889,Honda City,2024,S,سيدان اقتصادية,27973,1.5L,CVT,بنزين,أبيض لؤلؤي,مواصفات خليجية (GCC),59000,60180
890,Honda City,2024,E,سيدان اقتصادية,37612,1.5L,CVT,بنزين,رمادي فضي,مواصفات خليجية (GCC),67500,68850
891,Honda City,2024,E,سيدان اقتصادية,42314,1.5L,CVT,بنزين,رمادي فضي,مواصفات خليجية (GCC),52000,53040
892,Honda City,2024,EX,سيدان اقتصادية,22826,1.5L,CVT,بنزين,أبيض ثلجي,مواصفات خليجية (GCC),67500,68850
893,Honda City,2024,EX,سيدان اقتصادية,36905,1.5L,CVT,بنزين,أسود معدني,مواصفات خليجية (GCC),74500,75990
894,Honda City,2024,V/Top,سيدان اقتصادية,38022,1.5L,CVT,بنزين,بني برونزي,مواصفات أوروبية,70500,71910
895,Honda City,2024,V/Top,سيدان اقتصادية,29510,1.5L,CVT,بنزين,بني برونزي,مواصفات خليجية (GCC),69000,70380
896,Honda City,2025,S,سيدان اقتصادية,15115,1.5L,CVT,بنزين,أحمر كريستالي,مواصفات خليجية (GCC),59000,60180
897,Honda City,2025,S,سيدان اقتصادية,17861,1.5L,CVT,بنزين,أبيض ثلجي,مواصفات خليجية (GCC),59500,60690
898,Honda City,2025,E,سيدان اقتصادية,23471,1.5L,CVT,بنزين,أبيض لؤلؤي,مواصفات أمريكية,73000,74460
899,Honda City,2025,E,سيدان اقتصادية,14547,1.5L,CVT,بنزين,أبيض ثلجي,مواصفات خليجية (GCC),69500,70890
900,Honda City,2025,EX,سيدان اقتصادية,11647,1.5L,CVT,بنزين,أسود معدني,مواصفات خليجية (GCC),73000,74460
901,Honda City,2025,EX,سيدان اقتصادية,17525,1.5L,CVT,بنزين,أبيض لؤلؤي,مواصفات أمريكية,79500,81090
902,Honda City,2025,V/Top,سيدان اقتصادية,21611,1.5L,CVT,بنزين,برتقالي,مواصفات أمريكية,85500,87210
903,Honda City,2025,V/Top,سيدان اقتصادية,15693,1.5L,CVT,بنزين,أحمر كريستالي,مواصفات يابانية,79000,80580
904,Honda City,2026,S,سيدان اقتصادية,2624,1.5L,CVT,بنزين,أسود معدني,مواصفات خليجية (GCC),69000,70380
905,Honda City,2026,S,سيدان اقتصادية,1371,1.5L,CVT,بنزين,أسود معدني,مواصفات خليجية (GCC),69500,70890
906,Honda City,2026,E,سيدان اقتصادية,1726,1.5L,CVT,بنزين,أخضر زيتوني,مواصفات يابانية,67000,68340
907,Honda City,2026,E,سيدان اقتصادية,851,1.5L,CVT,بنزين,أخضر زيتوني,مواصفات خليجية (GCC),66500,67830
908,Honda City,2026,EX,سيدان اقتصادية,590,1.5L,CVT,بنزين,بيج شامبين,مواصفات خليجية (GCC),73000,74460
909,Honda City,2026,EX,سيدان اقتصادية,310,1.5L,CVT,بنزين,رمادي فضي,مواصفات خليجية (GCC),71000,72420
910,Honda City,2026,V/Top,سيدان اقتصادية,2063,1.5L,CVT,بنزين,أحمر كريستالي,مواصفات خليجية (GCC),93500,95370
911,Honda City,2026,V/Top,سيدان اقتصادية,2118,1.5L,CVT,بنزين,أخضر زيتوني,مواصفات خليجية (GCC),88500,90270
912,Honda Passport,2019,Sport,SUV متوسطة 5 مقاعد,133841,3.5L V6,9-Speed AT,بنزين,أسود معدني,مواصفات خليجية (GCC),76000,77520
913,Honda Passport,2019,Sport,SUV متوسطة 5 مقاعد,140430,3.5L V6,9-Speed AT,بنزين,أبيض ثلجي,مواصفات خليجية (GCC),96000,97920
914,Honda Passport,2019,EX-L,SUV متوسطة 5 مقاعد,85404,3.5L V6,9-Speed AT,بنزين,أسود معدني,مواصفات يابانية,96000,97920
915,Honda Passport,2019,EX-L,SUV متوسطة 5 مقاعد,117173,3.5L V6,9-Speed AT,بنزين,برتقالي,مواصفات خليجية (GCC),104500,106590
916,Honda Passport,2019,TrailSport,SUV متوسطة 5 مقاعد,129216,3.5L V6,9-Speed AT,بنزين,رمادي فضي,مواصفات خليجية (GCC),113000,115260
917,Honda Passport,2019,TrailSport,SUV متوسطة 5 مقاعد,143782,3.5L V6,9-Speed AT,بنزين,بني برونزي,مواصفات أمريكية,95500,97410
918,Honda Passport,2019,Touring,SUV متوسطة 5 مقاعد,115184,3.5L V6,9-Speed AT,بنزين,بيج شامبين,مواصفات أمريكية,108000,110160
919,Honda Passport,2019,Touring,SUV متوسطة 5 مقاعد,89342,3.5L V6,9-Speed AT,بنزين,أبيض لؤلؤي,مواصفات خليجية (GCC),116500,118830
920,Honda Passport,2020,Sport,SUV متوسطة 5 مقاعد,76875,3.5L V6,9-Speed AT,بنزين,بني برونزي,مواصفات خليجية (GCC),108500,110670
921,Honda Passport,2020,Sport,SUV متوسطة 5 مقاعد,80356,3.5L V6,9-Speed AT,بنزين,بيج شامبين,مواصفات أمريكية,94000,95880
922,Honda Passport,2020,Sport,SUV متوسطة 5 مقاعد,94574,3.5L V6,9-Speed AT,بنزين,رمادي فضي,مواصفات خليجية (GCC),105500,107610
923,Honda Passport,2020,EX-L,SUV متوسطة 5 مقاعد,92842,3.5L V6,9-Speed AT,بنزين,أبيض ثلجي,مواصفات خليجية (GCC),103000,105060
924,Honda Passport,2020,EX-L,SUV متوسطة 5 مقاعد,81338,3.5L V6,9-Speed AT,بنزين,أسود معدني,مواصفات خليجية (GCC),113000,115260
925,Honda Passport,2020,EX-L,SUV متوسطة 5 مقاعد,96675,3.5L V6,9-Speed AT,بنزين,أبيض ثلجي,مواصفات خليجية (GCC),105000,107100
926,Honda Passport,2020,TrailSport,SUV متوسطة 5 مقاعد,120312,3.5L V6,9-Speed AT,بنزين,أحمر كريستالي,مواصفات خليجية (GCC),117000,119340
927,Honda Passport,2020,TrailSport,SUV متوسطة 5 مقاعد,81505,3.5L V6,9-Speed AT,بنزين,أحمر كريستالي,مواصفات خليجية (GCC),127000,129540
928,Honda Passport,2020,TrailSport,SUV متوسطة 5 مقاعد,106196,3.5L V6,9-Speed AT,بنزين,أزرق داكن,مواصفات خليجية (GCC),120500,122910
929,Honda Passport,2020,Touring,SUV متوسطة 5 مقاعد,126922,3.5L V6,9-Speed AT,بنزين,بيج شامبين,مواصفات خليجية (GCC),133000,135660
930,Honda Passport,2020,Touring,SUV متوسطة 5 مقاعد,111864,3.5L V6,9-Speed AT,بنزين,أحمر كريستالي,مواصفات خليجية (GCC),111500,113730
931,Honda Passport,2020,Touring,SUV متوسطة 5 مقاعد,114403,3.5L V6,9-Speed AT,بنزين,بيج شامبين,مواصفات خليجية (GCC),125000,127500
932,Honda Passport,2021,Sport,SUV متوسطة 5 مقاعد,101898,3.5L V6,9-Speed AT,بنزين,أزرق داكن,مواصفات خليجية (GCC),115000,117300
933,Honda Passport,2021,Sport,SUV متوسطة 5 مقاعد,103928,3.5L V6,9-Speed AT,بنزين,أبيض ثلجي,مواصفات خليجية (GCC),101000,103020
934,Honda Passport,2021,Sport,SUV متوسطة 5 مقاعد,66312,3.5L V6,9-Speed AT,بنزين,أحمر كريستالي,مواصفات يابانية,102000,104040
935,Honda Passport,2021,EX-L,SUV متوسطة 5 مقاعد,77812,3.5L V6,9-Speed AT,بنزين,بني برونزي,مواصفات يابانية,110500,112710
936,Honda Passport,2021,EX-L,SUV متوسطة 5 مقاعد,67088,3.5L V6,9-Speed AT,بنزين,أبيض ثلجي,مواصفات خليجية (GCC),132000,134640
937,Honda Passport,2021,EX-L,SUV متوسطة 5 مقاعد,73025,3.5L V6,9-Speed AT,بنزين,بني برونزي,مواصفات خليجية (GCC),130500,133110
938,Honda Passport,2021,TrailSport,SUV متوسطة 5 مقاعد,96105,3.5L V6,9-Speed AT,بنزين,أبيض ثلجي,مواصفات خليجية (GCC),131500,134130
939,Honda Passport,2021,TrailSport,SUV متوسطة 5 مقاعد,81028,3.5L V6,9-Speed AT,بنزين,أسود معدني,مواصفات خليجية (GCC),135500,138210
940,Honda Passport,2021,TrailSport,SUV متوسطة 5 مقاعد,93461,3.5L V6,9-Speed AT,بنزين,أحمر كريستالي,مواصفات خليجية (GCC),137000,139740
941,Honda Passport,2021,Touring,SUV متوسطة 5 مقاعد,77008,3.5L V6,9-Speed AT,بنزين,رمادي فضي,مواصفات خليجية (GCC),131000,133620
942,Honda Passport,2021,Touring,SUV متوسطة 5 مقاعد,110665,3.5L V6,9-Speed AT,بنزين,رمادي فضي,مواصفات يابانية,153000,156060
943,Honda Passport,2021,Touring,SUV متوسطة 5 مقاعد,100483,3.5L V6,9-Speed AT,بنزين,برتقالي,مواصفات خليجية (GCC),126500,129030
944,Honda Passport,2022,Sport,SUV متوسطة 5 مقاعد,59213,3.5L V6,9-Speed AT,بنزين,أبيض لؤلؤي,مواصفات خليجية (GCC),119000,121380
945,Honda Passport,2022,Sport,SUV متوسطة 5 مقاعد,65033,3.5L V6,9-Speed AT,بنزين,برتقالي,مواصفات خليجية (GCC),123500,125970
946,Honda Passport,2022,Sport,SUV متوسطة 5 مقاعد,46693,3.5L V6,9-Speed AT,بنزين,بني برونزي,مواصفات خليجية (GCC),122000,124440
947,Honda Passport,2022,EX-L,SUV متوسطة 5 مقاعد,65234,3.5L V6,9-Speed AT,بنزين,رمادي فضي,مواصفات خليجية (GCC),146000,148920
948,Honda Passport,2022,EX-L,SUV متوسطة 5 مقاعد,73885,3.5L V6,9-Speed AT,بنزين,أسود معدني,مواصفات خليجية (GCC),136000,138720
949,Honda Passport,2022,EX-L,SUV متوسطة 5 مقاعد,80981,3.5L V6,9-Speed AT,بنزين,أحمر كريستالي,مواصفات أوروبية,136500,139230
950,Honda Passport,2022,TrailSport,SUV متوسطة 5 مقاعد,83489,3.5L V6,9-Speed AT,بنزين,بيج شامبين,مواصفات أمريكية,145000,147900
951,Honda Passport,2022,TrailSport,SUV متوسطة 5 مقاعد,82802,3.5L V6,9-Speed AT,بنزين,رمادي فضي,مواصفات خليجية (GCC),156500,159630
952,Honda Passport,2022,TrailSport,SUV متوسطة 5 مقاعد,74541,3.5L V6,9-Speed AT,بنزين,أزرق داكن,مواصفات خليجية (GCC),139000,141780
953,Honda Passport,2022,Touring,SUV متوسطة 5 مقاعد,59321,3.5L V6,9-Speed AT,بنزين,أبيض ثلجي,مواصفات خليجية (GCC),147000,149940
954,Honda Passport,2022,Touring,SUV متوسطة 5 مقاعد,54525,3.5L V6,9-Speed AT,بنزين,أسود معدني,مواصفات أمريكية,158000,161160
955,Honda Passport,2022,Touring,SUV متوسطة 5 مقاعد,82400,3.5L V6,9-Speed AT,بنزين,رمادي فضي,مواصفات خليجية (GCC),161000,164220
956,Honda Passport,2023,Sport,SUV متوسطة 5 مقاعد,51563,3.5L V6,9-Speed AT,بنزين,أبيض ثلجي,مواصفات خليجية (GCC),129500,132090
957,Honda Passport,2023,Sport,SUV متوسطة 5 مقاعد,62754,3.5L V6,9-Speed AT,بنزين,أبيض لؤلؤي,مواصفات خليجية (GCC),124000,126480
958,Honda Passport,2023,EX-L,SUV متوسطة 5 مقاعد,61534,3.5L V6,9-Speed AT,بنزين,رمادي فضي,مواصفات خليجية (GCC),133000,135660
959,Honda Passport,2023,EX-L,SUV متوسطة 5 مقاعد,63034,3.5L V6,9-Speed AT,بنزين,أبيض لؤلؤي,مواصفات أوروبية,161500,164730
960,Honda Passport,2023,TrailSport,SUV متوسطة 5 مقاعد,46336,3.5L V6,9-Speed AT,بنزين,برتقالي,مواصفات خليجية (GCC),152000,155040
961,Honda Passport,2023,TrailSport,SUV متوسطة 5 مقاعد,57467,3.5L V6,9-Speed AT,بنزين,أبيض ثلجي,مواصفات أمريكية,152000,155040
962,Honda Passport,2023,Touring,SUV متوسطة 5 مقاعد,47560,3.5L V6,9-Speed AT,بنزين,بني برونزي,مواصفات خليجية (GCC),191500,195330
963,Honda Passport,2023,Touring,SUV متوسطة 5 مقاعد,46746,3.5L V6,9-Speed AT,بنزين,برتقالي,مواصفات أمريكية,189000,192780
964,Honda Passport,2024,Sport,SUV متوسطة 5 مقاعد,48222,3.5L V6,9-Speed AT,بنزين,أخضر زيتوني,مواصفات خليجية (GCC),131000,133620
965,Honda Passport,2024,Sport,SUV متوسطة 5 مقاعد,25110,3.5L V6,9-Speed AT,بنزين,بني برونزي,مواصفات خليجية (GCC),128000,130560
966,Honda Passport,2024,EX-L,SUV متوسطة 5 مقاعد,35204,3.5L V6,9-Speed AT,بنزين,برتقالي,مواصفات خليجية (GCC),176000,179520
967,Honda Passport,2024,EX-L,SUV متوسطة 5 مقاعد,39293,3.5L V6,9-Speed AT,بنزين,أسود معدني,مواصفات خليجية (GCC),172000,175440
968,Honda Passport,2024,TrailSport,SUV متوسطة 5 مقاعد,29953,3.5L V6,9-Speed AT,بنزين,أبيض ثلجي,مواصفات خليجية (GCC),190000,193800
969,Honda Passport,2024,TrailSport,SUV متوسطة 5 مقاعد,36689,3.5L V6,9-Speed AT,بنزين,بني برونزي,مواصفات خليجية (GCC),191500,195330
970,Honda Passport,2024,Touring,SUV متوسطة 5 مقاعد,38852,3.5L V6,9-Speed AT,بنزين,أخضر زيتوني,مواصفات أمريكية,167500,170850
971,Honda Passport,2024,Touring,SUV متوسطة 5 مقاعد,34417,3.5L V6,9-Speed AT,بنزين,بيج شامبين,مواصفات أمريكية,209500,213690
972,Honda Passport,2025,Sport,SUV متوسطة 5 مقاعد,26089,3.5L V6,9-Speed AT,بنزين,أزرق داكن,مواصفات خليجية (GCC),143500,146370
973,Honda Passport,2025,Sport,SUV متوسطة 5 مقاعد,18626,3.5L V6,9-Speed AT,بنزين,بني برونزي,مواصفات خليجية (GCC),142500,145350
974,Honda Passport,2025,EX-L,SUV متوسطة 5 مقاعد,17918,3.5L V6,9-Speed AT,بنزين,أبيض لؤلؤي,مواصفات خليجية (GCC),165000,168300
975,Honda Passport,2025,EX-L,SUV متوسطة 5 مقاعد,25030,3.5L V6,9-Speed AT,بنزين,أخضر زيتوني,مواصفات خليجية (GCC),160500,163710
976,Honda Passport,2025,TrailSport,SUV متوسطة 5 مقاعد,15540,3.5L V6,9-Speed AT,بنزين,رمادي فضي,مواصفات خليجية (GCC),190500,194310
977,Honda Passport,2025,TrailSport,SUV متوسطة 5 مقاعد,23570,3.5L V6,9-Speed AT,بنزين,بني برونزي,مواصفات خليجية (GCC),181000,184620
978,Honda Passport,2025,Touring,SUV متوسطة 5 مقاعد,23190,3.5L V6,9-Speed AT,بنزين,أخضر زيتوني,مواصفات خليجية (GCC),201000,205020
979,Honda Passport,2025,Touring,SUV متوسطة 5 مقاعد,17107,3.5L V6,9-Speed AT,بنزين,برتقالي,مواصفات أمريكية,212000,216240
980,Honda Passport,2026,Sport,SUV متوسطة 5 مقاعد,1464,3.5L V6,9-Speed AT,بنزين,برتقالي,مواصفات خليجية (GCC),172500,175950
981,Honda Passport,2026,Sport,SUV متوسطة 5 مقاعد,2078,3.5L V6,9-Speed AT,بنزين,أخضر زيتوني,مواصفات خليجية (GCC),168000,171360
982,Honda Passport,2026,EX-L,SUV متوسطة 5 مقاعد,1131,3.5L V6,9-Speed AT,بنزين,أحمر كريستالي,مواصفات خليجية (GCC),208000,212160
983,Honda Passport,2026,EX-L,SUV متوسطة 5 مقاعد,3658,3.5L V6,9-Speed AT,بنزين,بني برونزي,مواصفات خليجية (GCC),175500,179010
984,Honda Passport,2026,TrailSport,SUV متوسطة 5 مقاعد,3281,3.5L V6,9-Speed AT,بنزين,أبيض ثلجي,مواصفات أمريكية,200000,204000
985,Honda Passport,2026,TrailSport,SUV متوسطة 5 مقاعد,426,3.5L V6,9-Speed AT,بنزين,أبيض لؤلؤي,مواصفات خليجية (GCC),188500,192270
986,Honda Passport,2026,Touring,SUV متوسطة 5 مقاعد,746,3.5L V6,9-Speed AT,بنزين,أبيض ثلجي,مواصفات خليجية (GCC),201500,205530
987,Honda Passport,2026,Touring,SUV متوسطة 5 مقاعد,3566,3.5L V6,9-Speed AT,بنزين,أحمر كريستالي,مواصفات خليجية (GCC),198000,201960
988,Honda Jazz,2018,S,هاتشباك صغيرة اقتصادية,140911,1.5L,CVT,بنزين,أخضر زيتوني,مواصفات خليجية (GCC),30000,30600
989,Honda Jazz,2018,S,هاتشباك صغيرة اقتصادية,152048,1.5L,CVT,بنزين,أبيض ثلجي,مواصفات أمريكية,25500,26010
990,Honda Jazz,2018,EX,هاتشباك صغيرة اقتصادية,101399,1.5L,CVT,بنزين,أبيض لؤلؤي,مواصفات خليجية (GCC),34000,34680
991,Honda Jazz,2018,EX,هاتشباك صغيرة اقتصادية,125921,1.5L,CVT,بنزين,أبيض ثلجي,مواصفات خليجية (GCC),29000,29580
992,Honda Jazz,2018,Sport,هاتشباك صغيرة اقتصادية,166363,1.5L,CVT,بنزين,رمادي فضي,مواصفات خليجية (GCC),37500,38250
993,Honda Jazz,2018,Sport,هاتشباك صغيرة اقتصادية,101613,1.5L,CVT,بنزين,رمادي فضي,مواصفات أمريكية,30500,31110
994,Honda Jazz,2019,S,هاتشباك صغيرة اقتصادية,93474,1.5L,CVT,بنزين,أخضر زيتوني,مواصفات خليجية (GCC),31000,31620
995,Honda Jazz,2019,S,هاتشباك صغيرة اقتصادية,135096,1.5L,CVT,بنزين,أسود معدني,مواصفات خليجية (GCC),28000,28560
996,Honda Jazz,2019,EX,هاتشباك صغيرة اقتصادية,98343,1.5L,CVT,بنزين,بني برونزي,مواصفات أمريكية,33500,34170
997,Honda Jazz,2019,EX,هاتشباك صغيرة اقتصادية,151553,1.5L,CVT,بنزين,أزرق داكن,مواصفات أوروبية,34500,35190
998,Honda Jazz,2019,Sport,هاتشباك صغيرة اقتصادية,114883,1.5L,CVT,بنزين,أخضر زيتوني,مواصفات خليجية (GCC),35000,35700
999,Honda Jazz,2019,Sport,هاتشباك صغيرة اقتصادية,145009,1.5L,CVT,بنزين,بني برونزي,مواصفات خليجية (GCC),36000,36720
1000,Honda Jazz,2020,S,هاتشباك صغيرة اقتصادية,86616,1.5L,CVT,بنزين,بيج شامبين,مواصفات خليجية (GCC),29000,29580
